BEGIN;

-- Disable triggers temporarily to avoid issues with foreign keys during bulk insert if needed
-- SET session_replication_role = 'replica';

-- Dumping 2 rows for companies
INSERT INTO public.companies (id, name, slug, logo_url, phone, subscription_status, stripe_customer_id, stripe_subscription_id, user_id, created_at, updated_at, reminders_enabled, birthday_enabled, birthday_discount_type, birthday_discount_value, business_type, buffer_minutes, timezone, address, google_review_url, cover_url, description, whatsapp, address_number, district, city, state, postal_code, google_maps_url, latitude, longitude, instagram, facebook, website, plan_id, trial_start_date, trial_end_date, trial_active, billing_cycle, marketplace_active, activation_score, activated_at, booking_mode, fixed_slot_interval, allow_custom_requests, prof_perm_clients, prof_perm_promotions, prof_perm_events, prof_perm_requests, prof_perm_finance, prof_perm_booking_mode, prof_perm_grid_interval, trial_plan_id, current_period_end, pending_plan_id, pending_billing_cycle, pending_change_at, paddle_subscription_id, paddle_customer_id, grace_period_until, cancel_at_period_end, is_active) VALUES ('ba00be4b-a872-4d08-880a-a5033b40ed3f', 'HCK Barber', 'hck-barber', 'https://fbujndjmainizgmligxt.supabase.co/storage/v1/object/public/logos/ba00be4b-a872-4d08-880a-a5033b40ed3f/logo.jpg?t=1777407917339', '', 'expired_trial', NULL, NULL, '5d6a5d58-bfaa-4808-9058-08126aa36b20', '2026-04-28T20:00:44.96303+00:00', '2026-05-06T03:10:03.827251+00:00', true, true, 'none', 0, 'barbershop', 0, 'America/Sao_Paulo', 'Rua Vieira Braga', NULL, 'https://fbujndjmainizgmligxt.supabase.co/storage/v1/object/public/logos/ba00be4b-a872-4d08-880a-a5033b40ed3f/cover.jpg?t=1777407901121', NULL, '32991267990', '125', 'Centro', 'Santos Dumont', 'MG', '36240048', '', NULL, NULL, '', '', '', '1ea048f3-c2e3-447c-bd29-97e3f89c6e7a', '2026-04-28T20:00:44.96303+00:00', '2026-05-05T20:00:44.96303+00:00', false, 'monthly', true, 80, '2026-04-28T20:03:16.576+00:00', 'intelligent', 15, true, true, true, true, true, true, false, false, 'e913e88a-fe5b-4c52-8b6f-c27c84a3411e', NULL, NULL, NULL, NULL, NULL, NULL, NULL, false, true) ON CONFLICT DO NOTHING;
INSERT INTO public.companies (id, name, slug, logo_url, phone, subscription_status, stripe_customer_id, stripe_subscription_id, user_id, created_at, updated_at, reminders_enabled, birthday_enabled, birthday_discount_type, birthday_discount_value, business_type, buffer_minutes, timezone, address, google_review_url, cover_url, description, whatsapp, address_number, district, city, state, postal_code, google_maps_url, latitude, longitude, instagram, facebook, website, plan_id, trial_start_date, trial_end_date, trial_active, billing_cycle, marketplace_active, activation_score, activated_at, booking_mode, fixed_slot_interval, allow_custom_requests, prof_perm_clients, prof_perm_promotions, prof_perm_events, prof_perm_requests, prof_perm_finance, prof_perm_booking_mode, prof_perm_grid_interval, trial_plan_id, current_period_end, pending_plan_id, pending_billing_cycle, pending_change_at, paddle_subscription_id, paddle_customer_id, grace_period_until, cancel_at_period_end, is_active) VALUES ('746ad0ac-8aea-468c-8bda-a89b87bef60c', 'VIP Barbearia', 'vip-barbearia', 'https://fbujndjmainizgmligxt.supabase.co/storage/v1/object/public/logos/746ad0ac-8aea-468c-8bda-a89b87bef60c/logo.jpg?t=1777500996515', '5532999526311', 'expired_trial', NULL, NULL, '56314174-1818-4884-9062-d8836ed3fcf1', '2026-04-29T22:01:20.852606+00:00', '2026-05-07T03:10:04.132478+00:00', true, true, 'percentage', 15, 'barbershop', 0, 'America/Sao_Paulo', 'Rua Sylvio Ribeiro Aragão', NULL, 'https://fbujndjmainizgmligxt.supabase.co/storage/v1/object/public/logos/746ad0ac-8aea-468c-8bda-a89b87bef60c/cover.jpg?t=1777501194099', 'A VIP Barbearia foi criada para homens que valorizam estilo, presença e exclusividade. Unimos o clássico ao moderno em um ambiente sofisticado, pensado para proporcionar muito mais do que um simples corte — aqui, cada atendimento é uma experiência.

Nossa equipe é especializada nas últimas tendências e também nos cortes tradicionais, garantindo precisão, qualidade e um acabamento impecável em cada detalhe.

💈 Cortes clássicos e modernos
🧔 Barba alinhada e desenhada
🔥 Atendimento personalizado
💎 Experiência premium em um ambiente retrô sofisticado

Na VIP, você não vem apenas cortar o cabelo.
Você vem viver o padrão que poucos oferecem.

Agende seu horário e descubra o verdadeiro significado de ser VIP.', '32999526311', '260', 'Joquei Clube', 'Juiz de Fora', 'MG', '36083571', 'https://www.google.com/maps?sca_esv=d3b625d2bcd07c3a&output=search&q=condominio+jardim+atlantico+jf&source=lnms&fbs=ADc_l-acAb_3MMOAUx0zmbUpgBqRiigBgL2I_pgQa-94zvB050L1mo0clXJz4etTx7fehcx3SjdOtURQ2IHneRgiWTYwzyNWJm32ZYwPcEqvB219HN2vCbmuOmNGwY3cRBHdVmLiq9xNJcX-yTGkSlad9WpVmAOMaaj2iF_Yf3cDGZ1oIVrhTFUb43bG7uhTSrCscnulX6OMnrJuv72PGcc0MHnhxmebTQ&entry=mc&ved=1t:200715&ictx=111', NULL, NULL, '@vipbarbearia', '', '', '1ea048f3-c2e3-447c-bd29-97e3f89c6e7a', '2026-04-29T22:01:20.852606+00:00', '2026-05-06T22:01:20.852606+00:00', false, 'monthly', true, 80, '2026-04-29T22:05:36.883+00:00', 'intelligent', 15, true, true, true, true, true, true, false, false, 'e913e88a-fe5b-4c52-8b6f-c27c84a3411e', NULL, NULL, NULL, NULL, NULL, NULL, NULL, false, true) ON CONFLICT DO NOTHING;

-- Dumping 14 rows for profiles
INSERT INTO public.profiles (id, user_id, company_id, full_name, whatsapp, email, birth_date, avatar_url, created_at, updated_at, average_return_days, last_visit_date, expected_return_date, opt_in_whatsapp, opt_in_date, bio, social_links, banner_url, role, last_login_mode, onboarding_hidden, onboarding_completed, onboarding_step, system_role) VALUES ('28ffc4f5-6e86-4a1d-8e7f-c50f08496b15', '9aab8227-c5cd-4faf-a519-4e0a68e365ae', '746ad0ac-8aea-468c-8bda-a89b87bef60c', 'Matheus Oliveira', '', 'matheusoliveira@gmail.com', NULL, 'https://fbujndjmainizgmligxt.supabase.co/storage/v1/object/public/avatars/9aab8227-c5cd-4faf-a519-4e0a68e365ae/avatar.jpg?t=1777681684080', '2026-05-02T00:25:44.427723+00:00', '2026-05-03T17:22:38.278696+00:00', NULL, NULL, NULL, false, NULL, 'Matheus trabalha com foco em visagismo, analisando o formato do rosto para indicar o melhor corte e estilo. Perfeito para clientes que querem mudar o visual ou encontrar o corte ideal.

🎨 Consultoria de estilo
✂️ Cortes modernos e criativos
🔥 Transformação de visual', '{"instagram": null}'::jsonb, 'https://fbujndjmainizgmligxt.supabase.co/storage/v1/object/public/avatars/9aab8227-c5cd-4faf-a519-4e0a68e365ae/banner.jpg?t=1777686851691', 'user', NULL, false, true, 2, 'user') ON CONFLICT DO NOTHING;
INSERT INTO public.profiles (id, user_id, company_id, full_name, whatsapp, email, birth_date, avatar_url, created_at, updated_at, average_return_days, last_visit_date, expected_return_date, opt_in_whatsapp, opt_in_date, bio, social_links, banner_url, role, last_login_mode, onboarding_hidden, onboarding_completed, onboarding_step, system_role) VALUES ('6a63189c-0e19-4247-91f9-9cc1766ee0e4', '02503cd1-f80f-4e21-9f92-504abb674d7c', NULL, 'Nathalia Martins', NULL, 'nathalia@vemserup.com.br', NULL, NULL, '2026-04-28T20:28:44.829458+00:00', '2026-04-28T20:28:44.829458+00:00', NULL, NULL, NULL, false, NULL, NULL, '{}'::jsonb, NULL, 'user', NULL, false, false, 0, 'user') ON CONFLICT DO NOTHING;
INSERT INTO public.profiles (id, user_id, company_id, full_name, whatsapp, email, birth_date, avatar_url, created_at, updated_at, average_return_days, last_visit_date, expected_return_date, opt_in_whatsapp, opt_in_date, bio, social_links, banner_url, role, last_login_mode, onboarding_hidden, onboarding_completed, onboarding_step, system_role) VALUES ('83b47116-366a-43f6-9dc5-0667a7cad652', '5d6a5d58-bfaa-4808-9058-08126aa36b20', 'ba00be4b-a872-4d08-880a-a5033b40ed3f', 'Raphael Hauck', NULL, 'phaelsd@gmail.com', NULL, NULL, '2026-04-28T19:51:01.999927+00:00', '2026-05-11T19:35:45.562207+00:00', NULL, NULL, NULL, false, NULL, NULL, '{}'::jsonb, NULL, 'user', 'admin', true, false, 0, 'user') ON CONFLICT DO NOTHING;
INSERT INTO public.profiles (id, user_id, company_id, full_name, whatsapp, email, birth_date, avatar_url, created_at, updated_at, average_return_days, last_visit_date, expected_return_date, opt_in_whatsapp, opt_in_date, bio, social_links, banner_url, role, last_login_mode, onboarding_hidden, onboarding_completed, onboarding_step, system_role) VALUES ('02e5b0f3-1e86-4417-8d01-6c96373a81f4', 'b5ec00ef-042b-41c1-9e9c-0590dfb8c08d', '746ad0ac-8aea-468c-8bda-a89b87bef60c', 'Lucas Almeida', '32912544454', 'lucasalmeida@gmail.com', NULL, 'https://fbujndjmainizgmligxt.supabase.co/storage/v1/object/public/avatars/b5ec00ef-042b-41c1-9e9c-0590dfb8c08d/avatar.jpg?t=1777572246530', '2026-04-30T18:00:23.298689+00:00', '2026-04-30T18:04:06.598708+00:00', NULL, NULL, NULL, false, NULL, NULL, '{}'::jsonb, NULL, 'user', NULL, false, false, 0, 'user') ON CONFLICT DO NOTHING;
INSERT INTO public.profiles (id, user_id, company_id, full_name, whatsapp, email, birth_date, avatar_url, created_at, updated_at, average_return_days, last_visit_date, expected_return_date, opt_in_whatsapp, opt_in_date, bio, social_links, banner_url, role, last_login_mode, onboarding_hidden, onboarding_completed, onboarding_step, system_role) VALUES ('86f1ced5-4ea4-4c33-b5eb-5383f149e5c0', '126c9b6d-ff93-4488-8113-a2cfee6f03fe', NULL, 'Cristiano Campos Ferreira', NULL, 'cristianocampos.sd@gmail.com', NULL, NULL, '2026-04-30T16:39:02.698127+00:00', '2026-04-30T16:39:02.698127+00:00', NULL, NULL, NULL, false, NULL, NULL, '{}'::jsonb, NULL, 'user', NULL, false, false, 0, 'user') ON CONFLICT DO NOTHING;
INSERT INTO public.profiles (id, user_id, company_id, full_name, whatsapp, email, birth_date, avatar_url, created_at, updated_at, average_return_days, last_visit_date, expected_return_date, opt_in_whatsapp, opt_in_date, bio, social_links, banner_url, role, last_login_mode, onboarding_hidden, onboarding_completed, onboarding_step, system_role) VALUES ('ca263726-b1c8-4e83-bda0-5833840474c6', '0432e7de-5281-4eeb-b060-1f37514d04b4', NULL, 'Raphael Hauck', NULL, 'grow@vemserup.com.br', NULL, NULL, '2026-04-30T23:56:23.451895+00:00', '2026-04-30T23:56:23.451895+00:00', NULL, NULL, NULL, false, NULL, NULL, '{}'::jsonb, NULL, 'user', NULL, false, false, 0, 'user') ON CONFLICT DO NOTHING;
INSERT INTO public.profiles (id, user_id, company_id, full_name, whatsapp, email, birth_date, avatar_url, created_at, updated_at, average_return_days, last_visit_date, expected_return_date, opt_in_whatsapp, opt_in_date, bio, social_links, banner_url, role, last_login_mode, onboarding_hidden, onboarding_completed, onboarding_step, system_role) VALUES ('c9786e20-7eab-4c2b-a313-b1bac681da0f', '41373e3e-1aaf-4bfa-988c-0e5bc4979150', '746ad0ac-8aea-468c-8bda-a89b87bef60c', 'Rafael Costa', '', 'rafaelcosta@gmail.com', NULL, 'https://fbujndjmainizgmligxt.supabase.co/storage/v1/object/public/avatars/41373e3e-1aaf-4bfa-988c-0e5bc4979150/avatar.jpg?t=1777564105557', '2026-04-30T14:56:33.928522+00:00', '2026-05-02T00:21:41.761102+00:00', NULL, NULL, NULL, false, NULL, 'Rafael é especialista em cortes modernos, com domínio total em degradês, riscos e estilos personalizados. Seu atendimento é focado em entender o perfil do cliente para entregar um visual alinhado com personalidade e estilo.

🔥 Fade perfeito
✂️ Cortes personalizados
🎯 Precisão nos detalhes', '{"instagram": null}'::jsonb, NULL, 'user', NULL, false, true, 2, 'user') ON CONFLICT DO NOTHING;
INSERT INTO public.profiles (id, user_id, company_id, full_name, whatsapp, email, birth_date, avatar_url, created_at, updated_at, average_return_days, last_visit_date, expected_return_date, opt_in_whatsapp, opt_in_date, bio, social_links, banner_url, role, last_login_mode, onboarding_hidden, onboarding_completed, onboarding_step, system_role) VALUES ('cc45eafd-df45-4775-9b67-b06cbfab6e27', 'aad7a233-64ab-4f21-b648-2058c922a4ba', 'ba00be4b-a872-4d08-880a-a5033b40ed3f', 'Carlos Andrade', '32988887777', 'clubenafaixaoficial@gmail.com', NULL, NULL, '2026-05-04T12:46:54.720056+00:00', '2026-05-04T12:46:55.589023+00:00', NULL, NULL, NULL, false, NULL, NULL, '{}'::jsonb, NULL, 'user', NULL, false, false, 0, 'user') ON CONFLICT DO NOTHING;
INSERT INTO public.profiles (id, user_id, company_id, full_name, whatsapp, email, birth_date, avatar_url, created_at, updated_at, average_return_days, last_visit_date, expected_return_date, opt_in_whatsapp, opt_in_date, bio, social_links, banner_url, role, last_login_mode, onboarding_hidden, onboarding_completed, onboarding_step, system_role) VALUES ('67f02dca-0e25-4c1a-97ff-40f5083ade46', '35291e71-3501-465e-807e-e384dc38a72f', '746ad0ac-8aea-468c-8bda-a89b87bef60c', 'membro teste', '32995455478', 'testemembro@gmail.com', NULL, NULL, '2026-05-03T17:31:50.026956+00:00', '2026-05-03T17:33:00.087623+00:00', NULL, NULL, NULL, false, NULL, NULL, '{}'::jsonb, 'https://fbujndjmainizgmligxt.supabase.co/storage/v1/object/public/avatars/35291e71-3501-465e-807e-e384dc38a72f/banner.jpg?t=1777829581135', 'user', NULL, false, false, 0, 'user') ON CONFLICT DO NOTHING;
INSERT INTO public.profiles (id, user_id, company_id, full_name, whatsapp, email, birth_date, avatar_url, created_at, updated_at, average_return_days, last_visit_date, expected_return_date, opt_in_whatsapp, opt_in_date, bio, social_links, banner_url, role, last_login_mode, onboarding_hidden, onboarding_completed, onboarding_step, system_role) VALUES ('4b63dd02-bb7a-4904-8cb5-d3efcd30bade', '56314174-1818-4884-9062-d8836ed3fcf1', '746ad0ac-8aea-468c-8bda-a89b87bef60c', 'Cristiano Campos', '', 'meagendae@gmail.com', NULL, 'https://fbujndjmainizgmligxt.supabase.co/storage/v1/object/public/avatars/56314174-1818-4884-9062-d8836ed3fcf1/avatar.jpg?t=1777515474517', '2026-04-29T21:28:50.273016+00:00', '2026-05-09T15:51:26.428326+00:00', NULL, NULL, NULL, false, NULL, '', '{"instagram": null}'::jsonb, 'https://fbujndjmainizgmligxt.supabase.co/storage/v1/object/public/avatars/56314174-1818-4884-9062-d8836ed3fcf1/banner.jpg?t=1777515484136', 'user', 'admin', false, true, 5, 'user') ON CONFLICT DO NOTHING;
INSERT INTO public.profiles (id, user_id, company_id, full_name, whatsapp, email, birth_date, avatar_url, created_at, updated_at, average_return_days, last_visit_date, expected_return_date, opt_in_whatsapp, opt_in_date, bio, social_links, banner_url, role, last_login_mode, onboarding_hidden, onboarding_completed, onboarding_step, system_role) VALUES ('0a7fa512-9899-4ec1-b505-a3dfe77cf98d', 'da9ed9bb-9de8-45d2-849d-1edae0f4f41e', NULL, 'Codex Teste', NULL, 'codex-test-5b2918d1@example.com', NULL, NULL, '2026-05-09T19:13:48.035116+00:00', '2026-05-09T19:13:48.035116+00:00', NULL, NULL, NULL, false, NULL, NULL, '{}'::jsonb, NULL, 'user', NULL, false, false, 0, 'user') ON CONFLICT DO NOTHING;
INSERT INTO public.profiles (id, user_id, company_id, full_name, whatsapp, email, birth_date, avatar_url, created_at, updated_at, average_return_days, last_visit_date, expected_return_date, opt_in_whatsapp, opt_in_date, bio, social_links, banner_url, role, last_login_mode, onboarding_hidden, onboarding_completed, onboarding_step, system_role) VALUES ('04bf0ecf-f71d-4b0e-8ebe-cfc301bb253b', 'fe49d72c-b099-486a-b9a5-79e3e681f48d', NULL, 'Teste', NULL, 'teste@email.com', NULL, NULL, '2026-05-09T19:14:03.492594+00:00', '2026-05-09T19:14:03.492594+00:00', NULL, NULL, NULL, false, NULL, NULL, '{}'::jsonb, NULL, 'user', NULL, false, false, 0, 'user') ON CONFLICT DO NOTHING;
INSERT INTO public.profiles (id, user_id, company_id, full_name, whatsapp, email, birth_date, avatar_url, created_at, updated_at, average_return_days, last_visit_date, expected_return_date, opt_in_whatsapp, opt_in_date, bio, social_links, banner_url, role, last_login_mode, onboarding_hidden, onboarding_completed, onboarding_step, system_role) VALUES ('812d8f73-9087-47c5-aa51-b5ccf56ab964', 'ed60bf68-5f81-412a-bcff-4015785104b2', NULL, 'Codex Teste', NULL, 'codex-test-9dff939b@example.com', NULL, NULL, '2026-05-09T19:18:04.725287+00:00', '2026-05-09T19:18:04.725287+00:00', NULL, NULL, NULL, false, NULL, NULL, '{}'::jsonb, NULL, 'user', NULL, false, false, 0, 'user') ON CONFLICT DO NOTHING;
INSERT INTO public.profiles (id, user_id, company_id, full_name, whatsapp, email, birth_date, avatar_url, created_at, updated_at, average_return_days, last_visit_date, expected_return_date, opt_in_whatsapp, opt_in_date, bio, social_links, banner_url, role, last_login_mode, onboarding_hidden, onboarding_completed, onboarding_step, system_role) VALUES ('30fc7cd2-1356-4726-a84b-794ba0507aa3', '548db8e0-ef6d-4ade-889a-ed1cf1b28adb', NULL, 'Codex Live', NULL, 'codex-live-5b87c5c2@example.com', NULL, NULL, '2026-05-09T19:23:05.921273+00:00', '2026-05-09T19:23:05.921273+00:00', NULL, NULL, NULL, false, NULL, NULL, '{}'::jsonb, NULL, 'user', NULL, false, false, 0, 'user') ON CONFLICT DO NOTHING;

-- Dumping 8 rows for user_roles
INSERT INTO public.user_roles (id, user_id, company_id, role) VALUES ('f884f8a7-fe21-4796-8152-28ded8e91c5c', '5d6a5d58-bfaa-4808-9058-08126aa36b20', 'ba00be4b-a872-4d08-880a-a5033b40ed3f', 'professional') ON CONFLICT DO NOTHING;
INSERT INTO public.user_roles (id, user_id, company_id, role) VALUES ('7b0c6df6-e821-402d-ba84-88fc86182c79', '56314174-1818-4884-9062-d8836ed3fcf1', '746ad0ac-8aea-468c-8bda-a89b87bef60c', 'professional') ON CONFLICT DO NOTHING;
INSERT INTO public.user_roles (id, user_id, company_id, role) VALUES ('a6b4aa47-71e0-420c-afb7-5bd09b71644b', '41373e3e-1aaf-4bfa-988c-0e5bc4979150', '746ad0ac-8aea-468c-8bda-a89b87bef60c', 'collaborator') ON CONFLICT DO NOTHING;
INSERT INTO public.user_roles (id, user_id, company_id, role) VALUES ('58de22cd-1997-44e0-8d23-de1d7f88c468', 'b5ec00ef-042b-41c1-9e9c-0590dfb8c08d', '746ad0ac-8aea-468c-8bda-a89b87bef60c', 'collaborator') ON CONFLICT DO NOTHING;
INSERT INTO public.user_roles (id, user_id, company_id, role) VALUES ('86b3b690-a585-4bdc-9e75-afcf5c42187a', '0432e7de-5281-4eeb-b060-1f37514d04b4', NULL, 'super_admin') ON CONFLICT DO NOTHING;
INSERT INTO public.user_roles (id, user_id, company_id, role) VALUES ('4fc38edd-9bca-4de1-b414-476b2604348e', '9aab8227-c5cd-4faf-a519-4e0a68e365ae', '746ad0ac-8aea-468c-8bda-a89b87bef60c', 'collaborator') ON CONFLICT DO NOTHING;
INSERT INTO public.user_roles (id, user_id, company_id, role) VALUES ('9ae4334c-a424-45b7-bd07-ae8aca3dd57e', '35291e71-3501-465e-807e-e384dc38a72f', '746ad0ac-8aea-468c-8bda-a89b87bef60c', 'collaborator') ON CONFLICT DO NOTHING;
INSERT INTO public.user_roles (id, user_id, company_id, role) VALUES ('5d2d5d9d-05ae-4354-87c1-0073b8d5dc91', 'aad7a233-64ab-4f21-b648-2058c922a4ba', 'ba00be4b-a872-4d08-880a-a5033b40ed3f', 'collaborator') ON CONFLICT DO NOTHING;

-- Dumping 6 rows for collaborators
INSERT INTO public.collaborators (id, company_id, profile_id, collaborator_type, commission_percent, active, created_at, commission_type, commission_value, slug, absence_start, absence_end, absence_type, booking_mode, grid_interval, break_time, has_system_access, use_company_banner, business_model, rent_amount, rent_cycle, partner_equity_percent, partner_revenue_mode, system_role) VALUES ('82248334-98ca-4064-a55b-1fe69997608d', 'ba00be4b-a872-4d08-880a-a5033b40ed3f', '83b47116-366a-43f6-9dc5-0667a7cad652', 'partner', 0.0, true, '2026-04-28T20:10:21.599558+00:00', 'none', 0, 'raphael-hauck', NULL, NULL, NULL, 'intelligent', 15, 0, true, false, 'operating_partner', 0, 'monthly', 0, NULL, 'admin_principal') ON CONFLICT DO NOTHING;
INSERT INTO public.collaborators (id, company_id, profile_id, collaborator_type, commission_percent, active, created_at, commission_type, commission_value, slug, absence_start, absence_end, absence_type, booking_mode, grid_interval, break_time, has_system_access, use_company_banner, business_model, rent_amount, rent_cycle, partner_equity_percent, partner_revenue_mode, system_role) VALUES ('37bbc8d2-2903-4c3c-87f1-cdd7da7f1b86', '746ad0ac-8aea-468c-8bda-a89b87bef60c', 'c9786e20-7eab-4c2b-a313-b1bac681da0f', 'commissioned', 80.0, true, '2026-04-30T14:56:37.289666+00:00', 'percentage', 80, 'rafael-costa', NULL, NULL, NULL, 'intelligent', 15, 0, true, true, 'partner_commission', 0, 'monthly', 0, NULL, 'collaborator') ON CONFLICT DO NOTHING;
INSERT INTO public.collaborators (id, company_id, profile_id, collaborator_type, commission_percent, active, created_at, commission_type, commission_value, slug, absence_start, absence_end, absence_type, booking_mode, grid_interval, break_time, has_system_access, use_company_banner, business_model, rent_amount, rent_cycle, partner_equity_percent, partner_revenue_mode, system_role) VALUES ('9d1c83ce-6a66-427e-85a6-bf3a12e96542', '746ad0ac-8aea-468c-8bda-a89b87bef60c', '02e5b0f3-1e86-4417-8d01-6c96373a81f4', 'independent', 0.0, true, '2026-04-30T18:00:27.130044+00:00', 'own_revenue', 0, 'lucas-almeida', NULL, NULL, NULL, 'intelligent', 15, 0, true, true, 'chair_rental', 1000, 'monthly', 0, NULL, 'collaborator') ON CONFLICT DO NOTHING;
INSERT INTO public.collaborators (id, company_id, profile_id, collaborator_type, commission_percent, active, created_at, commission_type, commission_value, slug, absence_start, absence_end, absence_type, booking_mode, grid_interval, break_time, has_system_access, use_company_banner, business_model, rent_amount, rent_cycle, partner_equity_percent, partner_revenue_mode, system_role) VALUES ('1fa32a62-c2da-4f0f-ba1a-d860ea40d0a0', '746ad0ac-8aea-468c-8bda-a89b87bef60c', '4b63dd02-bb7a-4904-8cb5-d3efcd30bade', 'partner', 0.0, true, '2026-04-30T00:53:12.671439+00:00', 'none', 0, 'cristiano-campos', NULL, NULL, NULL, 'intelligent', 15, 0, true, true, 'operating_partner', 0, 'monthly', 0, NULL, 'admin_principal') ON CONFLICT DO NOTHING;
INSERT INTO public.collaborators (id, company_id, profile_id, collaborator_type, commission_percent, active, created_at, commission_type, commission_value, slug, absence_start, absence_end, absence_type, booking_mode, grid_interval, break_time, has_system_access, use_company_banner, business_model, rent_amount, rent_cycle, partner_equity_percent, partner_revenue_mode, system_role) VALUES ('ab60b6e2-7de6-414a-91cb-92d7135aac73', 'ba00be4b-a872-4d08-880a-a5033b40ed3f', 'cc45eafd-df45-4775-9b67-b06cbfab6e27', 'commissioned', 70.0, true, '2026-05-04T12:46:57.428562+00:00', 'percentage', 70, 'carlos-andrade', NULL, NULL, NULL, 'intelligent', 15, 0, true, true, 'partner_commission', 0, 'monthly', 0, NULL, 'collaborator') ON CONFLICT DO NOTHING;
INSERT INTO public.collaborators (id, company_id, profile_id, collaborator_type, commission_percent, active, created_at, commission_type, commission_value, slug, absence_start, absence_end, absence_type, booking_mode, grid_interval, break_time, has_system_access, use_company_banner, business_model, rent_amount, rent_cycle, partner_equity_percent, partner_revenue_mode, system_role) VALUES ('7425872e-1b49-426f-89f4-e2a57fab0477', '746ad0ac-8aea-468c-8bda-a89b87bef60c', '28ffc4f5-6e86-4a1d-8e7f-c50f08496b15', 'commissioned', 80.0, true, '2026-05-02T00:25:48.471356+00:00', 'percentage', 80, 'matheus-oliveira', NULL, NULL, NULL, 'intelligent', 15, 0, true, true, 'partner_commission', 0, 'monthly', 0, NULL, 'collaborator') ON CONFLICT DO NOTHING;

-- Dumping 15 rows for services
INSERT INTO public.services (id, company_id, name, duration_minutes, price, active, created_at, updated_at, recommended_return_days, booking_mode, category_id, global_category_id) VALUES ('78421c04-e7c6-4eac-84f1-bfa6bd0107c4', 'ba00be4b-a872-4d08-880a-a5033b40ed3f', 'Corte Tradicional', 30, 40.0, true, '2026-04-28T20:01:34.15859+00:00', '2026-04-28T20:01:34.15859+00:00', NULL, 'company_default', 'faa7b9d2-aaf8-4925-986f-fcee28953040', '29b2f60c-0b87-41a1-9acd-06ddbaa5f878') ON CONFLICT DO NOTHING;
INSERT INTO public.services (id, company_id, name, duration_minutes, price, active, created_at, updated_at, recommended_return_days, booking_mode, category_id, global_category_id) VALUES ('16fb781c-bef1-4c74-b337-aedfc43aa5cb', 'ba00be4b-a872-4d08-880a-a5033b40ed3f', 'Corte Degradê', 40, 50.0, true, '2026-04-28T20:01:34.828011+00:00', '2026-04-28T20:01:34.828011+00:00', NULL, 'company_default', 'faa7b9d2-aaf8-4925-986f-fcee28953040', '29b2f60c-0b87-41a1-9acd-06ddbaa5f878') ON CONFLICT DO NOTHING;
INSERT INTO public.services (id, company_id, name, duration_minutes, price, active, created_at, updated_at, recommended_return_days, booking_mode, category_id, global_category_id) VALUES ('e3fcb4d6-37ca-4d60-87ea-55f9d1b4be11', 'ba00be4b-a872-4d08-880a-a5033b40ed3f', 'Barba Simples', 20, 25.0, true, '2026-04-28T20:01:36.084771+00:00', '2026-04-28T20:01:36.084771+00:00', NULL, 'company_default', '18321d40-d758-49aa-9a8d-ea745b995f82', '2a68eb8a-4010-42ac-b826-cac380e838de') ON CONFLICT DO NOTHING;
INSERT INTO public.services (id, company_id, name, duration_minutes, price, active, created_at, updated_at, recommended_return_days, booking_mode, category_id, global_category_id) VALUES ('6f584d07-ca57-40d4-b699-3589d1accfb0', 'ba00be4b-a872-4d08-880a-a5033b40ed3f', 'Barba Completa', 30, 35.0, true, '2026-04-28T20:01:36.689638+00:00', '2026-04-28T20:01:36.689638+00:00', NULL, 'company_default', '18321d40-d758-49aa-9a8d-ea745b995f82', '2a68eb8a-4010-42ac-b826-cac380e838de') ON CONFLICT DO NOTHING;
INSERT INTO public.services (id, company_id, name, duration_minutes, price, active, created_at, updated_at, recommended_return_days, booking_mode, category_id, global_category_id) VALUES ('39aca120-d826-440d-b7f1-c940e9564238', 'ba00be4b-a872-4d08-880a-a5033b40ed3f', 'Corte + Barba', 60, 75.0, true, '2026-04-28T20:01:37.884854+00:00', '2026-04-28T20:01:37.884854+00:00', NULL, 'company_default', 'bd2a0937-9f04-4b57-9a79-c7022b352953', '9f75b58d-f158-461d-a46a-d7d940b963e3') ON CONFLICT DO NOTHING;
INSERT INTO public.services (id, company_id, name, duration_minutes, price, active, created_at, updated_at, recommended_return_days, booking_mode, category_id, global_category_id) VALUES ('e6b629e3-3fc1-48f2-84d5-55f1e61bb040', '746ad0ac-8aea-468c-8bda-a89b87bef60c', 'Corte Degradê', 40, 50.0, true, '2026-04-29T22:04:27.56672+00:00', '2026-04-29T22:04:27.56672+00:00', NULL, 'company_default', '380aa068-826d-45cf-a800-30007154ed7d', '29b2f60c-0b87-41a1-9acd-06ddbaa5f878') ON CONFLICT DO NOTHING;
INSERT INTO public.services (id, company_id, name, duration_minutes, price, active, created_at, updated_at, recommended_return_days, booking_mode, category_id, global_category_id) VALUES ('48194408-e861-4961-8ab4-d0aaaea8f8f1', '746ad0ac-8aea-468c-8bda-a89b87bef60c', 'Barba Simples', 20, 25.0, true, '2026-04-29T22:04:29.446067+00:00', '2026-04-29T22:04:29.446067+00:00', NULL, 'company_default', '4c95ef55-4761-47ed-83bf-d489e8db48c7', '2a68eb8a-4010-42ac-b826-cac380e838de') ON CONFLICT DO NOTHING;
INSERT INTO public.services (id, company_id, name, duration_minutes, price, active, created_at, updated_at, recommended_return_days, booking_mode, category_id, global_category_id) VALUES ('7462299d-6bd3-4bb0-a230-bba302f74c37', '746ad0ac-8aea-468c-8bda-a89b87bef60c', 'Barba Completa', 30, 35.0, true, '2026-04-29T22:04:31.031695+00:00', '2026-04-29T22:04:31.031695+00:00', NULL, 'company_default', '4c95ef55-4761-47ed-83bf-d489e8db48c7', '2a68eb8a-4010-42ac-b826-cac380e838de') ON CONFLICT DO NOTHING;
INSERT INTO public.services (id, company_id, name, duration_minutes, price, active, created_at, updated_at, recommended_return_days, booking_mode, category_id, global_category_id) VALUES ('7139d5da-0a78-454f-80fb-58b5ae929ef2', '746ad0ac-8aea-468c-8bda-a89b87bef60c', 'Corte + Barba', 60, 75.0, true, '2026-04-29T22:04:33.404445+00:00', '2026-04-29T22:04:33.404445+00:00', NULL, 'company_default', 'b18b0bc7-74a3-44db-a45c-ab4d94376f1b', '9f75b58d-f158-461d-a46a-d7d940b963e3') ON CONFLICT DO NOTHING;
INSERT INTO public.services (id, company_id, name, duration_minutes, price, active, created_at, updated_at, recommended_return_days, booking_mode, category_id, global_category_id) VALUES ('dc90f263-02f9-45bd-81e1-58ff35967e7c', 'ba00be4b-a872-4d08-880a-a5033b40ed3f', 'Corte Dexavado', 45, 60.0, true, '2026-04-30T14:18:19.804995+00:00', '2026-04-30T14:18:19.804995+00:00', NULL, 'company_default', 'faa7b9d2-aaf8-4925-986f-fcee28953040', '29b2f60c-0b87-41a1-9acd-06ddbaa5f878') ON CONFLICT DO NOTHING;
INSERT INTO public.services (id, company_id, name, duration_minutes, price, active, created_at, updated_at, recommended_return_days, booking_mode, category_id, global_category_id) VALUES ('cec94ff6-9a4f-4a8f-a12e-97ed7ff41037', '746ad0ac-8aea-468c-8bda-a89b87bef60c', 'Sombrancelha', 20, 25.0, true, '2026-04-30T14:45:03.968901+00:00', '2026-04-30T14:45:03.968901+00:00', NULL, 'company_default', '45630282-ebc5-4d0c-a6f2-90bfacf90e63', 'f359c8e5-61c3-43d4-8f56-66c7da993202') ON CONFLICT DO NOTHING;
INSERT INTO public.services (id, company_id, name, duration_minutes, price, active, created_at, updated_at, recommended_return_days, booking_mode, category_id, global_category_id) VALUES ('ff30a5fb-2418-4d39-8d5a-64055f850be9', '746ad0ac-8aea-468c-8bda-a89b87bef60c', 'Depilação Nazal', 10, 15.0, true, '2026-04-30T14:46:01.76134+00:00', '2026-04-30T14:48:53.307784+00:00', NULL, 'company_default', '45630282-ebc5-4d0c-a6f2-90bfacf90e63', '5b449d80-50b2-47fe-82c3-710b23acb662') ON CONFLICT DO NOTHING;
INSERT INTO public.services (id, company_id, name, duration_minutes, price, active, created_at, updated_at, recommended_return_days, booking_mode, category_id, global_category_id) VALUES ('6749be52-075f-4978-9bfe-8f0be86a9eec', '746ad0ac-8aea-468c-8bda-a89b87bef60c', 'Corte + Barba + Sombrancelha', 90, 85.0, true, '2026-04-30T18:11:40.617627+00:00', '2026-04-30T18:11:52.368346+00:00', NULL, 'company_default', 'b18b0bc7-74a3-44db-a45c-ab4d94376f1b', '9f75b58d-f158-461d-a46a-d7d940b963e3') ON CONFLICT DO NOTHING;
INSERT INTO public.services (id, company_id, name, duration_minutes, price, active, created_at, updated_at, recommended_return_days, booking_mode, category_id, global_category_id) VALUES ('cbd159e0-4d8f-4cdc-b781-d7a50466ea1d', '746ad0ac-8aea-468c-8bda-a89b87bef60c', 'Corte Maquina', 25, 30.0, true, '2026-04-29T22:04:26.680985+00:00', '2026-04-30T18:13:05.33228+00:00', NULL, 'company_default', '380aa068-826d-45cf-a800-30007154ed7d', '29b2f60c-0b87-41a1-9acd-06ddbaa5f878') ON CONFLICT DO NOTHING;
INSERT INTO public.services (id, company_id, name, duration_minutes, price, active, created_at, updated_at, recommended_return_days, booking_mode, category_id, global_category_id) VALUES ('6ebc91cb-d8a7-4b15-a70c-39a4a139043d', '746ad0ac-8aea-468c-8bda-a89b87bef60c', 'Corte Tesoura', 30, 40.0, true, '2026-04-30T18:13:27.524325+00:00', '2026-04-30T18:13:49.658448+00:00', NULL, 'company_default', '380aa068-826d-45cf-a800-30007154ed7d', '29b2f60c-0b87-41a1-9acd-06ddbaa5f878') ON CONFLICT DO NOTHING;

-- Dumping 57 rows for service_professionals
INSERT INTO public.service_professionals (id, service_id, professional_id, price_override, company_id, is_active, duration_override) VALUES ('77d074e2-98c3-485e-8e36-1c53cdc58bc7', '78421c04-e7c6-4eac-84f1-bfa6bd0107c4', '83b47116-366a-43f6-9dc5-0667a7cad652', NULL, 'ba00be4b-a872-4d08-880a-a5033b40ed3f', true, NULL) ON CONFLICT DO NOTHING;
INSERT INTO public.service_professionals (id, service_id, professional_id, price_override, company_id, is_active, duration_override) VALUES ('be353208-5e52-4262-93de-5cd85639d10f', 'e3fcb4d6-37ca-4d60-87ea-55f9d1b4be11', '83b47116-366a-43f6-9dc5-0667a7cad652', NULL, 'ba00be4b-a872-4d08-880a-a5033b40ed3f', true, NULL) ON CONFLICT DO NOTHING;
INSERT INTO public.service_professionals (id, service_id, professional_id, price_override, company_id, is_active, duration_override) VALUES ('5bf295d1-ab63-4d3b-8dd7-5595e2b2f7fd', '39aca120-d826-440d-b7f1-c940e9564238', '83b47116-366a-43f6-9dc5-0667a7cad652', NULL, 'ba00be4b-a872-4d08-880a-a5033b40ed3f', true, NULL) ON CONFLICT DO NOTHING;
INSERT INTO public.service_professionals (id, service_id, professional_id, price_override, company_id, is_active, duration_override) VALUES ('7528d36e-ac79-4c62-ab6b-ee43e714a69f', 'cbd159e0-4d8f-4cdc-b781-d7a50466ea1d', '4b63dd02-bb7a-4904-8cb5-d3efcd30bade', NULL, '746ad0ac-8aea-468c-8bda-a89b87bef60c', true, NULL) ON CONFLICT DO NOTHING;
INSERT INTO public.service_professionals (id, service_id, professional_id, price_override, company_id, is_active, duration_override) VALUES ('afda78cc-9de7-436c-8bcb-49b9aeac3ef4', 'e6b629e3-3fc1-48f2-84d5-55f1e61bb040', '4b63dd02-bb7a-4904-8cb5-d3efcd30bade', NULL, '746ad0ac-8aea-468c-8bda-a89b87bef60c', true, NULL) ON CONFLICT DO NOTHING;
INSERT INTO public.service_professionals (id, service_id, professional_id, price_override, company_id, is_active, duration_override) VALUES ('2b0fc128-7283-4c60-bda7-27f1c0a998e5', '48194408-e861-4961-8ab4-d0aaaea8f8f1', '4b63dd02-bb7a-4904-8cb5-d3efcd30bade', NULL, '746ad0ac-8aea-468c-8bda-a89b87bef60c', true, NULL) ON CONFLICT DO NOTHING;
INSERT INTO public.service_professionals (id, service_id, professional_id, price_override, company_id, is_active, duration_override) VALUES ('ea4e4884-8624-46dc-a176-733fb7111b1a', '7462299d-6bd3-4bb0-a230-bba302f74c37', '4b63dd02-bb7a-4904-8cb5-d3efcd30bade', NULL, '746ad0ac-8aea-468c-8bda-a89b87bef60c', true, NULL) ON CONFLICT DO NOTHING;
INSERT INTO public.service_professionals (id, service_id, professional_id, price_override, company_id, is_active, duration_override) VALUES ('efc37a8b-f778-451b-9b76-134088139db8', '7139d5da-0a78-454f-80fb-58b5ae929ef2', '4b63dd02-bb7a-4904-8cb5-d3efcd30bade', NULL, '746ad0ac-8aea-468c-8bda-a89b87bef60c', true, NULL) ON CONFLICT DO NOTHING;
INSERT INTO public.service_professionals (id, service_id, professional_id, price_override, company_id, is_active, duration_override) VALUES ('b3732464-2669-4f18-b849-2eb5ab89adb3', 'dc90f263-02f9-45bd-81e1-58ff35967e7c', '83b47116-366a-43f6-9dc5-0667a7cad652', NULL, 'ba00be4b-a872-4d08-880a-a5033b40ed3f', true, NULL) ON CONFLICT DO NOTHING;
INSERT INTO public.service_professionals (id, service_id, professional_id, price_override, company_id, is_active, duration_override) VALUES ('73ab9a99-51e2-499e-a02e-f337687242ce', 'cec94ff6-9a4f-4a8f-a12e-97ed7ff41037', '4b63dd02-bb7a-4904-8cb5-d3efcd30bade', NULL, '746ad0ac-8aea-468c-8bda-a89b87bef60c', true, NULL) ON CONFLICT DO NOTHING;
INSERT INTO public.service_professionals (id, service_id, professional_id, price_override, company_id, is_active, duration_override) VALUES ('a54871a8-c2ae-4163-b6f1-345e0dcb8e54', 'ff30a5fb-2418-4d39-8d5a-64055f850be9', '4b63dd02-bb7a-4904-8cb5-d3efcd30bade', NULL, '746ad0ac-8aea-468c-8bda-a89b87bef60c', true, NULL) ON CONFLICT DO NOTHING;
INSERT INTO public.service_professionals (id, service_id, professional_id, price_override, company_id, is_active, duration_override) VALUES ('aeca7bea-d68a-4faf-a5b6-d29fdb35e9d3', 'cbd159e0-4d8f-4cdc-b781-d7a50466ea1d', 'c9786e20-7eab-4c2b-a313-b1bac681da0f', NULL, '746ad0ac-8aea-468c-8bda-a89b87bef60c', true, NULL) ON CONFLICT DO NOTHING;
INSERT INTO public.service_professionals (id, service_id, professional_id, price_override, company_id, is_active, duration_override) VALUES ('87c33945-14ba-4298-b8d8-d33c9187d74c', 'e6b629e3-3fc1-48f2-84d5-55f1e61bb040', 'c9786e20-7eab-4c2b-a313-b1bac681da0f', NULL, '746ad0ac-8aea-468c-8bda-a89b87bef60c', true, NULL) ON CONFLICT DO NOTHING;
INSERT INTO public.service_professionals (id, service_id, professional_id, price_override, company_id, is_active, duration_override) VALUES ('7869d0dc-4ec1-477e-bf39-14c7bec73e69', '48194408-e861-4961-8ab4-d0aaaea8f8f1', 'c9786e20-7eab-4c2b-a313-b1bac681da0f', NULL, '746ad0ac-8aea-468c-8bda-a89b87bef60c', true, NULL) ON CONFLICT DO NOTHING;
INSERT INTO public.service_professionals (id, service_id, professional_id, price_override, company_id, is_active, duration_override) VALUES ('7fe056f3-fc68-490a-88e5-4934f7ed14e6', '7462299d-6bd3-4bb0-a230-bba302f74c37', 'c9786e20-7eab-4c2b-a313-b1bac681da0f', NULL, '746ad0ac-8aea-468c-8bda-a89b87bef60c', true, NULL) ON CONFLICT DO NOTHING;
INSERT INTO public.service_professionals (id, service_id, professional_id, price_override, company_id, is_active, duration_override) VALUES ('1c7fefe2-b6d2-442e-acc7-af09218fae47', '7139d5da-0a78-454f-80fb-58b5ae929ef2', 'c9786e20-7eab-4c2b-a313-b1bac681da0f', NULL, '746ad0ac-8aea-468c-8bda-a89b87bef60c', true, NULL) ON CONFLICT DO NOTHING;
INSERT INTO public.service_professionals (id, service_id, professional_id, price_override, company_id, is_active, duration_override) VALUES ('5589497b-9fc8-456f-a419-a2b858fa6c03', 'cec94ff6-9a4f-4a8f-a12e-97ed7ff41037', 'c9786e20-7eab-4c2b-a313-b1bac681da0f', NULL, '746ad0ac-8aea-468c-8bda-a89b87bef60c', true, NULL) ON CONFLICT DO NOTHING;
INSERT INTO public.service_professionals (id, service_id, professional_id, price_override, company_id, is_active, duration_override) VALUES ('e755f7d2-8a8e-45f0-87e2-a91b0f66b491', 'ff30a5fb-2418-4d39-8d5a-64055f850be9', 'c9786e20-7eab-4c2b-a313-b1bac681da0f', NULL, '746ad0ac-8aea-468c-8bda-a89b87bef60c', true, NULL) ON CONFLICT DO NOTHING;
INSERT INTO public.service_professionals (id, service_id, professional_id, price_override, company_id, is_active, duration_override) VALUES ('dd612b38-da72-44ca-9004-c8f4c7023105', 'cbd159e0-4d8f-4cdc-b781-d7a50466ea1d', '02e5b0f3-1e86-4417-8d01-6c96373a81f4', NULL, '746ad0ac-8aea-468c-8bda-a89b87bef60c', true, NULL) ON CONFLICT DO NOTHING;
INSERT INTO public.service_professionals (id, service_id, professional_id, price_override, company_id, is_active, duration_override) VALUES ('a3fe6d39-57e1-465d-a6b8-f014d6fec7e2', 'e6b629e3-3fc1-48f2-84d5-55f1e61bb040', '02e5b0f3-1e86-4417-8d01-6c96373a81f4', NULL, '746ad0ac-8aea-468c-8bda-a89b87bef60c', true, NULL) ON CONFLICT DO NOTHING;
INSERT INTO public.service_professionals (id, service_id, professional_id, price_override, company_id, is_active, duration_override) VALUES ('c88a90ad-6aed-4872-aaf6-1a9e2ce3e331', '48194408-e861-4961-8ab4-d0aaaea8f8f1', '02e5b0f3-1e86-4417-8d01-6c96373a81f4', NULL, '746ad0ac-8aea-468c-8bda-a89b87bef60c', true, NULL) ON CONFLICT DO NOTHING;
INSERT INTO public.service_professionals (id, service_id, professional_id, price_override, company_id, is_active, duration_override) VALUES ('de6959e9-fe40-4520-a7d9-f047410251b9', '7462299d-6bd3-4bb0-a230-bba302f74c37', '02e5b0f3-1e86-4417-8d01-6c96373a81f4', NULL, '746ad0ac-8aea-468c-8bda-a89b87bef60c', true, NULL) ON CONFLICT DO NOTHING;
INSERT INTO public.service_professionals (id, service_id, professional_id, price_override, company_id, is_active, duration_override) VALUES ('f012545a-34dd-42fb-813f-cc17a5fe6875', '7139d5da-0a78-454f-80fb-58b5ae929ef2', '02e5b0f3-1e86-4417-8d01-6c96373a81f4', NULL, '746ad0ac-8aea-468c-8bda-a89b87bef60c', true, NULL) ON CONFLICT DO NOTHING;
INSERT INTO public.service_professionals (id, service_id, professional_id, price_override, company_id, is_active, duration_override) VALUES ('b65cd5bf-8665-41d2-95e6-c6d571192687', 'cec94ff6-9a4f-4a8f-a12e-97ed7ff41037', '02e5b0f3-1e86-4417-8d01-6c96373a81f4', NULL, '746ad0ac-8aea-468c-8bda-a89b87bef60c', true, NULL) ON CONFLICT DO NOTHING;
INSERT INTO public.service_professionals (id, service_id, professional_id, price_override, company_id, is_active, duration_override) VALUES ('d7e412d5-6a0b-48a5-a493-7c14d1c08ff1', 'ff30a5fb-2418-4d39-8d5a-64055f850be9', '02e5b0f3-1e86-4417-8d01-6c96373a81f4', NULL, '746ad0ac-8aea-468c-8bda-a89b87bef60c', true, NULL) ON CONFLICT DO NOTHING;
INSERT INTO public.service_professionals (id, service_id, professional_id, price_override, company_id, is_active, duration_override) VALUES ('b9cb4f1d-d23e-4dec-b6d5-cb4ea821cc9c', '6749be52-075f-4978-9bfe-8f0be86a9eec', '4b63dd02-bb7a-4904-8cb5-d3efcd30bade', NULL, '746ad0ac-8aea-468c-8bda-a89b87bef60c', true, NULL) ON CONFLICT DO NOTHING;
INSERT INTO public.service_professionals (id, service_id, professional_id, price_override, company_id, is_active, duration_override) VALUES ('3292455c-e567-4c9a-ae73-423cf7e38403', '6749be52-075f-4978-9bfe-8f0be86a9eec', 'c9786e20-7eab-4c2b-a313-b1bac681da0f', NULL, '746ad0ac-8aea-468c-8bda-a89b87bef60c', true, NULL) ON CONFLICT DO NOTHING;
INSERT INTO public.service_professionals (id, service_id, professional_id, price_override, company_id, is_active, duration_override) VALUES ('32ac4e25-9af9-4331-8bbb-5d628ff5fafa', '6749be52-075f-4978-9bfe-8f0be86a9eec', '02e5b0f3-1e86-4417-8d01-6c96373a81f4', NULL, '746ad0ac-8aea-468c-8bda-a89b87bef60c', true, NULL) ON CONFLICT DO NOTHING;
INSERT INTO public.service_professionals (id, service_id, professional_id, price_override, company_id, is_active, duration_override) VALUES ('fe859c90-96fb-439b-a57b-3ef214c9c6e8', '6ebc91cb-d8a7-4b15-a70c-39a4a139043d', '4b63dd02-bb7a-4904-8cb5-d3efcd30bade', NULL, '746ad0ac-8aea-468c-8bda-a89b87bef60c', true, NULL) ON CONFLICT DO NOTHING;
INSERT INTO public.service_professionals (id, service_id, professional_id, price_override, company_id, is_active, duration_override) VALUES ('e3bc5544-cfd5-48bd-ae11-00bd69155407', '6ebc91cb-d8a7-4b15-a70c-39a4a139043d', 'c9786e20-7eab-4c2b-a313-b1bac681da0f', NULL, '746ad0ac-8aea-468c-8bda-a89b87bef60c', true, NULL) ON CONFLICT DO NOTHING;
INSERT INTO public.service_professionals (id, service_id, professional_id, price_override, company_id, is_active, duration_override) VALUES ('2c6834bb-e347-4fe8-b659-473d184ccf01', '6ebc91cb-d8a7-4b15-a70c-39a4a139043d', '02e5b0f3-1e86-4417-8d01-6c96373a81f4', NULL, '746ad0ac-8aea-468c-8bda-a89b87bef60c', true, NULL) ON CONFLICT DO NOTHING;
INSERT INTO public.service_professionals (id, service_id, professional_id, price_override, company_id, is_active, duration_override) VALUES ('b0c22913-d3b6-417c-a5b7-6cd2851f2981', 'e6b629e3-3fc1-48f2-84d5-55f1e61bb040', '28ffc4f5-6e86-4a1d-8e7f-c50f08496b15', NULL, '746ad0ac-8aea-468c-8bda-a89b87bef60c', true, NULL) ON CONFLICT DO NOTHING;
INSERT INTO public.service_professionals (id, service_id, professional_id, price_override, company_id, is_active, duration_override) VALUES ('c1d96c4f-6e12-4661-8476-ad12b46c8d4d', '48194408-e861-4961-8ab4-d0aaaea8f8f1', '28ffc4f5-6e86-4a1d-8e7f-c50f08496b15', NULL, '746ad0ac-8aea-468c-8bda-a89b87bef60c', true, NULL) ON CONFLICT DO NOTHING;
INSERT INTO public.service_professionals (id, service_id, professional_id, price_override, company_id, is_active, duration_override) VALUES ('1422132e-9d3e-4e64-bdcb-09f7ff29421f', '7462299d-6bd3-4bb0-a230-bba302f74c37', '28ffc4f5-6e86-4a1d-8e7f-c50f08496b15', NULL, '746ad0ac-8aea-468c-8bda-a89b87bef60c', true, NULL) ON CONFLICT DO NOTHING;
INSERT INTO public.service_professionals (id, service_id, professional_id, price_override, company_id, is_active, duration_override) VALUES ('fc39c0b2-d586-4d9e-982b-55468b216149', '7139d5da-0a78-454f-80fb-58b5ae929ef2', '28ffc4f5-6e86-4a1d-8e7f-c50f08496b15', NULL, '746ad0ac-8aea-468c-8bda-a89b87bef60c', true, NULL) ON CONFLICT DO NOTHING;
INSERT INTO public.service_professionals (id, service_id, professional_id, price_override, company_id, is_active, duration_override) VALUES ('630ae6bb-73b7-4cf5-8cb3-d7485f4dc874', 'cec94ff6-9a4f-4a8f-a12e-97ed7ff41037', '28ffc4f5-6e86-4a1d-8e7f-c50f08496b15', NULL, '746ad0ac-8aea-468c-8bda-a89b87bef60c', true, NULL) ON CONFLICT DO NOTHING;
INSERT INTO public.service_professionals (id, service_id, professional_id, price_override, company_id, is_active, duration_override) VALUES ('bd58ca9f-94d5-4fe9-9727-240fab7194b5', 'ff30a5fb-2418-4d39-8d5a-64055f850be9', '28ffc4f5-6e86-4a1d-8e7f-c50f08496b15', NULL, '746ad0ac-8aea-468c-8bda-a89b87bef60c', true, NULL) ON CONFLICT DO NOTHING;
INSERT INTO public.service_professionals (id, service_id, professional_id, price_override, company_id, is_active, duration_override) VALUES ('395e9585-e75b-458a-9db2-a65f705358c2', '6749be52-075f-4978-9bfe-8f0be86a9eec', '28ffc4f5-6e86-4a1d-8e7f-c50f08496b15', NULL, '746ad0ac-8aea-468c-8bda-a89b87bef60c', true, NULL) ON CONFLICT DO NOTHING;
INSERT INTO public.service_professionals (id, service_id, professional_id, price_override, company_id, is_active, duration_override) VALUES ('194ee86e-d16b-4ea3-b747-83cc95556dc9', 'cbd159e0-4d8f-4cdc-b781-d7a50466ea1d', '28ffc4f5-6e86-4a1d-8e7f-c50f08496b15', NULL, '746ad0ac-8aea-468c-8bda-a89b87bef60c', true, NULL) ON CONFLICT DO NOTHING;
INSERT INTO public.service_professionals (id, service_id, professional_id, price_override, company_id, is_active, duration_override) VALUES ('a6442a1b-6d6a-4eec-8877-51e637854ba8', '6ebc91cb-d8a7-4b15-a70c-39a4a139043d', '28ffc4f5-6e86-4a1d-8e7f-c50f08496b15', NULL, '746ad0ac-8aea-468c-8bda-a89b87bef60c', true, NULL) ON CONFLICT DO NOTHING;
INSERT INTO public.service_professionals (id, service_id, professional_id, price_override, company_id, is_active, duration_override) VALUES ('f53ad8d4-86a6-42f2-be2d-22f36c5e75fc', '16fb781c-bef1-4c74-b337-aedfc43aa5cb', '83b47116-366a-43f6-9dc5-0667a7cad652', NULL, 'ba00be4b-a872-4d08-880a-a5033b40ed3f', true, NULL) ON CONFLICT DO NOTHING;
INSERT INTO public.service_professionals (id, service_id, professional_id, price_override, company_id, is_active, duration_override) VALUES ('418bfc66-fd4c-469b-83be-1c8362f56714', '6f584d07-ca57-40d4-b699-3589d1accfb0', '83b47116-366a-43f6-9dc5-0667a7cad652', NULL, 'ba00be4b-a872-4d08-880a-a5033b40ed3f', true, NULL) ON CONFLICT DO NOTHING;
INSERT INTO public.service_professionals (id, service_id, professional_id, price_override, company_id, is_active, duration_override) VALUES ('d81d1754-5830-4498-ba65-513b883383e9', 'e6b629e3-3fc1-48f2-84d5-55f1e61bb040', '67f02dca-0e25-4c1a-97ff-40f5083ade46', NULL, '746ad0ac-8aea-468c-8bda-a89b87bef60c', true, NULL) ON CONFLICT DO NOTHING;
INSERT INTO public.service_professionals (id, service_id, professional_id, price_override, company_id, is_active, duration_override) VALUES ('1db84fcf-b3f3-4401-8fe9-8c14770f34e6', '48194408-e861-4961-8ab4-d0aaaea8f8f1', '67f02dca-0e25-4c1a-97ff-40f5083ade46', NULL, '746ad0ac-8aea-468c-8bda-a89b87bef60c', true, NULL) ON CONFLICT DO NOTHING;
INSERT INTO public.service_professionals (id, service_id, professional_id, price_override, company_id, is_active, duration_override) VALUES ('f86cbe3b-25a8-4897-8902-5a16a023781a', '7462299d-6bd3-4bb0-a230-bba302f74c37', '67f02dca-0e25-4c1a-97ff-40f5083ade46', NULL, '746ad0ac-8aea-468c-8bda-a89b87bef60c', true, NULL) ON CONFLICT DO NOTHING;
INSERT INTO public.service_professionals (id, service_id, professional_id, price_override, company_id, is_active, duration_override) VALUES ('ca6430f4-be7f-4efb-b935-f355a2b92ba4', '7139d5da-0a78-454f-80fb-58b5ae929ef2', '67f02dca-0e25-4c1a-97ff-40f5083ade46', NULL, '746ad0ac-8aea-468c-8bda-a89b87bef60c', true, NULL) ON CONFLICT DO NOTHING;
INSERT INTO public.service_professionals (id, service_id, professional_id, price_override, company_id, is_active, duration_override) VALUES ('eea467fc-c0d2-4300-bec2-891b47c68089', 'cec94ff6-9a4f-4a8f-a12e-97ed7ff41037', '67f02dca-0e25-4c1a-97ff-40f5083ade46', NULL, '746ad0ac-8aea-468c-8bda-a89b87bef60c', true, NULL) ON CONFLICT DO NOTHING;
INSERT INTO public.service_professionals (id, service_id, professional_id, price_override, company_id, is_active, duration_override) VALUES ('62842b64-6d24-43e5-8089-918661a106dc', 'ff30a5fb-2418-4d39-8d5a-64055f850be9', '67f02dca-0e25-4c1a-97ff-40f5083ade46', NULL, '746ad0ac-8aea-468c-8bda-a89b87bef60c', true, NULL) ON CONFLICT DO NOTHING;
INSERT INTO public.service_professionals (id, service_id, professional_id, price_override, company_id, is_active, duration_override) VALUES ('9d3625a6-df00-4230-bda7-305d3bfd4e23', '6749be52-075f-4978-9bfe-8f0be86a9eec', '67f02dca-0e25-4c1a-97ff-40f5083ade46', NULL, '746ad0ac-8aea-468c-8bda-a89b87bef60c', true, NULL) ON CONFLICT DO NOTHING;
INSERT INTO public.service_professionals (id, service_id, professional_id, price_override, company_id, is_active, duration_override) VALUES ('a38b10f2-b548-4093-bdc8-f9b91f460419', 'cbd159e0-4d8f-4cdc-b781-d7a50466ea1d', '67f02dca-0e25-4c1a-97ff-40f5083ade46', NULL, '746ad0ac-8aea-468c-8bda-a89b87bef60c', true, NULL) ON CONFLICT DO NOTHING;
INSERT INTO public.service_professionals (id, service_id, professional_id, price_override, company_id, is_active, duration_override) VALUES ('5814e5ad-ed83-41c3-bbb9-d3cf9398d292', '6ebc91cb-d8a7-4b15-a70c-39a4a139043d', '67f02dca-0e25-4c1a-97ff-40f5083ade46', NULL, '746ad0ac-8aea-468c-8bda-a89b87bef60c', true, NULL) ON CONFLICT DO NOTHING;
INSERT INTO public.service_professionals (id, service_id, professional_id, price_override, company_id, is_active, duration_override) VALUES ('ddbac2a7-46d8-4ad5-8b53-21aa156c97d5', '78421c04-e7c6-4eac-84f1-bfa6bd0107c4', 'cc45eafd-df45-4775-9b67-b06cbfab6e27', NULL, 'ba00be4b-a872-4d08-880a-a5033b40ed3f', true, NULL) ON CONFLICT DO NOTHING;
INSERT INTO public.service_professionals (id, service_id, professional_id, price_override, company_id, is_active, duration_override) VALUES ('094658dc-3466-4c10-b799-1d93459e2f32', '16fb781c-bef1-4c74-b337-aedfc43aa5cb', 'cc45eafd-df45-4775-9b67-b06cbfab6e27', NULL, 'ba00be4b-a872-4d08-880a-a5033b40ed3f', true, NULL) ON CONFLICT DO NOTHING;
INSERT INTO public.service_professionals (id, service_id, professional_id, price_override, company_id, is_active, duration_override) VALUES ('59d7a4c2-7e43-40d3-9053-04fda00f5fe7', 'e3fcb4d6-37ca-4d60-87ea-55f9d1b4be11', 'cc45eafd-df45-4775-9b67-b06cbfab6e27', NULL, 'ba00be4b-a872-4d08-880a-a5033b40ed3f', true, NULL) ON CONFLICT DO NOTHING;
INSERT INTO public.service_professionals (id, service_id, professional_id, price_override, company_id, is_active, duration_override) VALUES ('faf62167-3746-4bed-a78b-a7f08c4add0a', '6f584d07-ca57-40d4-b699-3589d1accfb0', 'cc45eafd-df45-4775-9b67-b06cbfab6e27', NULL, 'ba00be4b-a872-4d08-880a-a5033b40ed3f', true, NULL) ON CONFLICT DO NOTHING;
INSERT INTO public.service_professionals (id, service_id, professional_id, price_override, company_id, is_active, duration_override) VALUES ('cd71efa3-a24f-4b95-9e70-c293679165d0', '39aca120-d826-440d-b7f1-c940e9564238', 'cc45eafd-df45-4775-9b67-b06cbfab6e27', NULL, 'ba00be4b-a872-4d08-880a-a5033b40ed3f', true, NULL) ON CONFLICT DO NOTHING;
INSERT INTO public.service_professionals (id, service_id, professional_id, price_override, company_id, is_active, duration_override) VALUES ('ee6a380d-d70d-4608-b87d-9984ae0f8ea1', 'dc90f263-02f9-45bd-81e1-58ff35967e7c', 'cc45eafd-df45-4775-9b67-b06cbfab6e27', NULL, 'ba00be4b-a872-4d08-880a-a5033b40ed3f', true, NULL) ON CONFLICT DO NOTHING;

-- Dumping 5 rows for clients
INSERT INTO public.clients (id, company_id, name, cpf, email, whatsapp, opt_in_whatsapp, created_at, next_recommended_visit, birth_date, is_blocked, user_id, registration_complete, postal_code, street, address_number, district, city, state, updated_at, global_client_id) VALUES ('a84ce3fd-c4c9-44b6-9622-b354d45edf68', 'ba00be4b-a872-4d08-880a-a5033b40ed3f', 'Nathalia Martins', NULL, 'nathalia@vemserup.com.br', '5532988564025', false, '2026-04-28T20:28:45.651834+00:00', '2026-06-03', '1995-03-22', false, '02503cd1-f80f-4e21-9f92-504abb674d7c', true, NULL, NULL, NULL, NULL, 'Santos Dumont', 'MG', '2026-05-09T20:37:26.449207+00:00', '86ba3fe3-17ca-4505-8484-9f983efca089') ON CONFLICT DO NOTHING;
INSERT INTO public.clients (id, company_id, name, cpf, email, whatsapp, opt_in_whatsapp, created_at, next_recommended_visit, birth_date, is_blocked, user_id, registration_complete, postal_code, street, address_number, district, city, state, updated_at, global_client_id) VALUES ('822a6696-ccb0-44c2-b351-3b353528750c', '746ad0ac-8aea-468c-8bda-a89b87bef60c', 'Cristiano Campos Ferreira', NULL, 'cristianocampos.sd@gmail.com', '5532991688360', false, '2026-04-30T16:39:07.140195+00:00', '2026-06-05', '1988-04-13', false, '126c9b6d-ff93-4488-8113-a2cfee6f03fe', true, NULL, NULL, NULL, NULL, 'Juiz de Fora', 'MG', '2026-05-11T18:11:01.147016+00:00', '18bb1428-ac1a-4f95-88a7-a2f1956c4b3d') ON CONFLICT DO NOTHING;
INSERT INTO public.clients (id, company_id, name, cpf, email, whatsapp, opt_in_whatsapp, created_at, next_recommended_visit, birth_date, is_blocked, user_id, registration_complete, postal_code, street, address_number, district, city, state, updated_at, global_client_id) VALUES ('d1ee8cb2-fee3-497c-b806-69e4804996ed', '746ad0ac-8aea-468c-8bda-a89b87bef60c', 'Eduardo Nogueira', NULL, 'nogueira@gmail.com', '5532954411257', false, '2026-04-30T01:11:36.369329+00:00', '2026-06-02', NULL, false, NULL, false, NULL, NULL, NULL, NULL, NULL, NULL, '2026-05-08T20:40:31.128164+00:00', NULL) ON CONFLICT DO NOTHING;
INSERT INTO public.clients (id, company_id, name, cpf, email, whatsapp, opt_in_whatsapp, created_at, next_recommended_visit, birth_date, is_blocked, user_id, registration_complete, postal_code, street, address_number, district, city, state, updated_at, global_client_id) VALUES ('36528050-faba-4014-95f0-61ad68a74f3a', '746ad0ac-8aea-468c-8bda-a89b87bef60c', 'Raphael Cosme', NULL, 'phaelsd@gmail.com', '5532991267990', false, '2026-04-30T01:22:11.200286+00:00', '2026-05-28', NULL, false, NULL, false, NULL, NULL, NULL, NULL, NULL, NULL, '2026-05-03T17:10:55.498471+00:00', NULL) ON CONFLICT DO NOTHING;
INSERT INTO public.clients (id, company_id, name, cpf, email, whatsapp, opt_in_whatsapp, created_at, next_recommended_visit, birth_date, is_blocked, user_id, registration_complete, postal_code, street, address_number, district, city, state, updated_at, global_client_id) VALUES ('83eaba71-9f4e-43aa-a30a-565ced2bbb75', '746ad0ac-8aea-468c-8bda-a89b87bef60c', 'Nathalia Martins', NULL, NULL, '5532988564025', false, '2026-04-30T17:07:44.286015+00:00', '2026-05-28', NULL, false, '02503cd1-f80f-4e21-9f92-504abb674d7c', false, NULL, NULL, NULL, NULL, NULL, NULL, '2026-05-03T17:11:42.889432+00:00', '86ba3fe3-17ca-4505-8484-9f983efca089') ON CONFLICT DO NOTHING;

-- Dumping 115 rows for appointments
INSERT INTO public.appointments (id, company_id, client_id, professional_id, start_time, end_time, total_price, status, notes, created_at, updated_at, client_name, client_whatsapp, delay_minutes, rescheduled_from_id, event_id, promotion_id, completed_at, delay_source_appointment_id, delay_applied_at, special_schedule, extra_fee, extra_fee_type, extra_fee_value, final_price, original_price, promotion_discount, cashback_used, manual_discount, user_id, whatsapp_confirmation_sent, whatsapp_reminder_sent, whatsapp_review_sent, whatsapp_reminder_1d_sent, booking_origin) VALUES ('15b6fbc0-01a1-4ae9-9dfe-443319650331', 'ba00be4b-a872-4d08-880a-a5033b40ed3f', 'a84ce3fd-c4c9-44b6-9622-b354d45edf68', '83b47116-366a-43f6-9dc5-0667a7cad652', '2026-05-11T10:00:00+00:00', '2026-05-11T11:00:00+00:00', 50.0, 'confirmed', 'Teste de correção 2', '2026-04-29T19:55:02.695202+00:00', '2026-05-09T21:21:01.528133+00:00', 'Teste Lovable 2', '5511999999999', 0, NULL, NULL, NULL, NULL, NULL, NULL, false, 0.0, NULL, NULL, 50.0, 0, 0, 0, 0, '02503cd1-f80f-4e21-9f92-504abb674d7c', false, false, false, false, 'regular') ON CONFLICT DO NOTHING;
INSERT INTO public.appointments (id, company_id, client_id, professional_id, start_time, end_time, total_price, status, notes, created_at, updated_at, client_name, client_whatsapp, delay_minutes, rescheduled_from_id, event_id, promotion_id, completed_at, delay_source_appointment_id, delay_applied_at, special_schedule, extra_fee, extra_fee_type, extra_fee_value, final_price, original_price, promotion_discount, cashback_used, manual_discount, user_id, whatsapp_confirmation_sent, whatsapp_reminder_sent, whatsapp_review_sent, whatsapp_reminder_1d_sent, booking_origin) VALUES ('c429e860-9552-4e84-9495-763cb14985e3', 'ba00be4b-a872-4d08-880a-a5033b40ed3f', 'a84ce3fd-c4c9-44b6-9622-b354d45edf68', '83b47116-366a-43f6-9dc5-0667a7cad652', '2026-04-29T12:20:00+00:00', '2026-04-29T12:50:00+00:00', 35.0, 'completed', NULL, '2026-04-28T20:41:48.1442+00:00', '2026-04-29T17:42:00.818019+00:00', 'Nathalia Martins', '5532988564025', 0, NULL, NULL, NULL, '2026-04-29T17:42:00.818019+00:00', NULL, NULL, false, 0.0, NULL, NULL, 35, 35, 0, 0, 0, '02503cd1-f80f-4e21-9f92-504abb674d7c', false, false, false, false, 'regular') ON CONFLICT DO NOTHING;
INSERT INTO public.appointments (id, company_id, client_id, professional_id, start_time, end_time, total_price, status, notes, created_at, updated_at, client_name, client_whatsapp, delay_minutes, rescheduled_from_id, event_id, promotion_id, completed_at, delay_source_appointment_id, delay_applied_at, special_schedule, extra_fee, extra_fee_type, extra_fee_value, final_price, original_price, promotion_discount, cashback_used, manual_discount, user_id, whatsapp_confirmation_sent, whatsapp_reminder_sent, whatsapp_review_sent, whatsapp_reminder_1d_sent, booking_origin) VALUES ('973baa3b-9d7c-489c-8f70-348dd5e1db11', 'ba00be4b-a872-4d08-880a-a5033b40ed3f', 'a84ce3fd-c4c9-44b6-9622-b354d45edf68', '83b47116-366a-43f6-9dc5-0667a7cad652', '2026-04-29T13:40:00+00:00', '2026-04-29T14:10:00+00:00', 35.0, 'completed', NULL, '2026-04-28T21:12:24.769263+00:00', '2026-04-29T17:42:06.844379+00:00', 'Nathalia Martins', '5532988564025', 0, NULL, NULL, NULL, '2026-04-29T17:42:06.844379+00:00', NULL, NULL, false, 0.0, NULL, NULL, 35, 35, 0, 0, 0, '02503cd1-f80f-4e21-9f92-504abb674d7c', false, false, false, false, 'regular') ON CONFLICT DO NOTHING;
INSERT INTO public.appointments (id, company_id, client_id, professional_id, start_time, end_time, total_price, status, notes, created_at, updated_at, client_name, client_whatsapp, delay_minutes, rescheduled_from_id, event_id, promotion_id, completed_at, delay_source_appointment_id, delay_applied_at, special_schedule, extra_fee, extra_fee_type, extra_fee_value, final_price, original_price, promotion_discount, cashback_used, manual_discount, user_id, whatsapp_confirmation_sent, whatsapp_reminder_sent, whatsapp_review_sent, whatsapp_reminder_1d_sent, booking_origin) VALUES ('851ee059-4b96-4e38-a768-239bdb34bb16', 'ba00be4b-a872-4d08-880a-a5033b40ed3f', 'a84ce3fd-c4c9-44b6-9622-b354d45edf68', '83b47116-366a-43f6-9dc5-0667a7cad652', '2026-04-29T16:00:00+00:00', '2026-04-29T17:00:00+00:00', 75.0, 'completed', NULL, '2026-04-29T14:05:17.392915+00:00', '2026-04-29T17:42:14.669158+00:00', 'Nathalia', '5532988564025', 0, NULL, NULL, NULL, '2026-04-29T17:42:11.615436+00:00', NULL, NULL, false, 0.0, NULL, NULL, 75, 75, 0, 0, 0, '02503cd1-f80f-4e21-9f92-504abb674d7c', false, false, false, false, 'regular') ON CONFLICT DO NOTHING;
INSERT INTO public.appointments (id, company_id, client_id, professional_id, start_time, end_time, total_price, status, notes, created_at, updated_at, client_name, client_whatsapp, delay_minutes, rescheduled_from_id, event_id, promotion_id, completed_at, delay_source_appointment_id, delay_applied_at, special_schedule, extra_fee, extra_fee_type, extra_fee_value, final_price, original_price, promotion_discount, cashback_used, manual_discount, user_id, whatsapp_confirmation_sent, whatsapp_reminder_sent, whatsapp_review_sent, whatsapp_reminder_1d_sent, booking_origin) VALUES ('0a301d80-f89a-423b-88c2-d1566909a44c', 'ba00be4b-a872-4d08-880a-a5033b40ed3f', 'a84ce3fd-c4c9-44b6-9622-b354d45edf68', '83b47116-366a-43f6-9dc5-0667a7cad652', '2026-04-29T17:20:00+00:00', '2026-04-29T17:40:00+00:00', 25.0, 'completed', NULL, '2026-04-28T20:49:56.758936+00:00', '2026-04-29T17:42:20.926566+00:00', 'Nathalia Martins', '5532988564025', 0, NULL, NULL, NULL, '2026-04-29T17:42:20.926566+00:00', NULL, NULL, false, 0.0, NULL, NULL, 25, 25, 0, 0, 0, '02503cd1-f80f-4e21-9f92-504abb674d7c', false, false, false, false, 'regular') ON CONFLICT DO NOTHING;
INSERT INTO public.appointments (id, company_id, client_id, professional_id, start_time, end_time, total_price, status, notes, created_at, updated_at, client_name, client_whatsapp, delay_minutes, rescheduled_from_id, event_id, promotion_id, completed_at, delay_source_appointment_id, delay_applied_at, special_schedule, extra_fee, extra_fee_type, extra_fee_value, final_price, original_price, promotion_discount, cashback_used, manual_discount, user_id, whatsapp_confirmation_sent, whatsapp_reminder_sent, whatsapp_review_sent, whatsapp_reminder_1d_sent, booking_origin) VALUES ('ab86a9ef-d6b4-4bd4-95e3-3d1a6bebb2a2', 'ba00be4b-a872-4d08-880a-a5033b40ed3f', 'a84ce3fd-c4c9-44b6-9622-b354d45edf68', '83b47116-366a-43f6-9dc5-0667a7cad652', '2026-04-29T17:00:00+00:00', '2026-04-29T17:20:00+00:00', 25.0, 'completed', 'Agendamento manual', '2026-04-29T13:20:52.635907+00:00', '2026-04-29T17:42:30.898426+00:00', 'Nathalia Martins', '5532988564025', 0, NULL, NULL, NULL, '2026-04-29T17:42:30.898426+00:00', NULL, NULL, false, 0.0, NULL, NULL, 25, 25, 0, 0, 0, '02503cd1-f80f-4e21-9f92-504abb674d7c', false, false, false, false, 'regular') ON CONFLICT DO NOTHING;
INSERT INTO public.appointments (id, company_id, client_id, professional_id, start_time, end_time, total_price, status, notes, created_at, updated_at, client_name, client_whatsapp, delay_minutes, rescheduled_from_id, event_id, promotion_id, completed_at, delay_source_appointment_id, delay_applied_at, special_schedule, extra_fee, extra_fee_type, extra_fee_value, final_price, original_price, promotion_discount, cashback_used, manual_discount, user_id, whatsapp_confirmation_sent, whatsapp_reminder_sent, whatsapp_review_sent, whatsapp_reminder_1d_sent, booking_origin) VALUES ('9681e2d2-facf-4d8c-9f99-1899a5a3ab7e', 'ba00be4b-a872-4d08-880a-a5033b40ed3f', 'a84ce3fd-c4c9-44b6-9622-b354d45edf68', '83b47116-366a-43f6-9dc5-0667a7cad652', '2026-04-29T17:40:00+00:00', '2026-04-29T18:20:00+00:00', 50.0, 'completed', NULL, '2026-04-29T17:15:53.710054+00:00', '2026-04-29T20:13:59.370499+00:00', 'Nathalia Martins', '5532988564025', 0, NULL, NULL, NULL, '2026-04-29T20:13:59.370499+00:00', NULL, NULL, false, 0.0, NULL, NULL, 50, 50, 0, 0, 0, '02503cd1-f80f-4e21-9f92-504abb674d7c', false, false, false, false, 'regular') ON CONFLICT DO NOTHING;
INSERT INTO public.appointments (id, company_id, client_id, professional_id, start_time, end_time, total_price, status, notes, created_at, updated_at, client_name, client_whatsapp, delay_minutes, rescheduled_from_id, event_id, promotion_id, completed_at, delay_source_appointment_id, delay_applied_at, special_schedule, extra_fee, extra_fee_type, extra_fee_value, final_price, original_price, promotion_discount, cashback_used, manual_discount, user_id, whatsapp_confirmation_sent, whatsapp_reminder_sent, whatsapp_review_sent, whatsapp_reminder_1d_sent, booking_origin) VALUES ('964b361a-c824-462d-ba4b-f8f978ae62b9', 'ba00be4b-a872-4d08-880a-a5033b40ed3f', 'a84ce3fd-c4c9-44b6-9622-b354d45edf68', '83b47116-366a-43f6-9dc5-0667a7cad652', '2026-04-29T18:20:00+00:00', '2026-04-29T18:50:00+00:00', 40.0, 'completed', NULL, '2026-04-29T17:47:01.654316+00:00', '2026-04-29T20:25:03.762478+00:00', 'Nathalia Martins', '5532988564025', 0, NULL, NULL, NULL, '2026-04-29T20:25:03.762478+00:00', NULL, NULL, false, 0.0, NULL, NULL, 40, 40, 0, 0, 0, '02503cd1-f80f-4e21-9f92-504abb674d7c', false, false, false, false, 'regular') ON CONFLICT DO NOTHING;
INSERT INTO public.appointments (id, company_id, client_id, professional_id, start_time, end_time, total_price, status, notes, created_at, updated_at, client_name, client_whatsapp, delay_minutes, rescheduled_from_id, event_id, promotion_id, completed_at, delay_source_appointment_id, delay_applied_at, special_schedule, extra_fee, extra_fee_type, extra_fee_value, final_price, original_price, promotion_discount, cashback_used, manual_discount, user_id, whatsapp_confirmation_sent, whatsapp_reminder_sent, whatsapp_review_sent, whatsapp_reminder_1d_sent, booking_origin) VALUES ('985feb2d-4eae-407f-8a40-4e35147a63a0', 'ba00be4b-a872-4d08-880a-a5033b40ed3f', 'a84ce3fd-c4c9-44b6-9622-b354d45edf68', '83b47116-366a-43f6-9dc5-0667a7cad652', '2026-04-29T19:00:00+00:00', '2026-04-29T20:00:00+00:00', 75.0, 'completed', NULL, '2026-04-29T15:51:50.209829+00:00', '2026-04-29T20:34:46.13083+00:00', 'Nathalia Martins', '5532988564025', 0, NULL, NULL, NULL, '2026-04-29T20:34:46.13083+00:00', NULL, NULL, false, 0.0, NULL, NULL, 75, 75, 0, 0, 0, '02503cd1-f80f-4e21-9f92-504abb674d7c', false, false, false, false, 'regular') ON CONFLICT DO NOTHING;
INSERT INTO public.appointments (id, company_id, client_id, professional_id, start_time, end_time, total_price, status, notes, created_at, updated_at, client_name, client_whatsapp, delay_minutes, rescheduled_from_id, event_id, promotion_id, completed_at, delay_source_appointment_id, delay_applied_at, special_schedule, extra_fee, extra_fee_type, extra_fee_value, final_price, original_price, promotion_discount, cashback_used, manual_discount, user_id, whatsapp_confirmation_sent, whatsapp_reminder_sent, whatsapp_review_sent, whatsapp_reminder_1d_sent, booking_origin) VALUES ('3f510309-95a7-459c-b89e-f9c4633a6e8e', 'ba00be4b-a872-4d08-880a-a5033b40ed3f', 'a84ce3fd-c4c9-44b6-9622-b354d45edf68', '83b47116-366a-43f6-9dc5-0667a7cad652', '2026-04-29T20:00:00+00:00', '2026-04-29T20:30:00+00:00', 40.0, 'completed', NULL, '2026-04-29T17:46:35.786381+00:00', '2026-04-29T20:50:37.018957+00:00', 'Nathalia Martins', '5532988564025', 0, NULL, NULL, NULL, '2026-04-29T20:50:37.018957+00:00', NULL, NULL, false, 0.0, NULL, NULL, 40, 40, 0, 0, 0, '02503cd1-f80f-4e21-9f92-504abb674d7c', false, false, false, false, 'regular') ON CONFLICT DO NOTHING;
INSERT INTO public.appointments (id, company_id, client_id, professional_id, start_time, end_time, total_price, status, notes, created_at, updated_at, client_name, client_whatsapp, delay_minutes, rescheduled_from_id, event_id, promotion_id, completed_at, delay_source_appointment_id, delay_applied_at, special_schedule, extra_fee, extra_fee_type, extra_fee_value, final_price, original_price, promotion_discount, cashback_used, manual_discount, user_id, whatsapp_confirmation_sent, whatsapp_reminder_sent, whatsapp_review_sent, whatsapp_reminder_1d_sent, booking_origin) VALUES ('7a45a252-4e51-4522-9ba3-a2d979e06577', '746ad0ac-8aea-468c-8bda-a89b87bef60c', '822a6696-ccb0-44c2-b351-3b353528750c', 'c9786e20-7eab-4c2b-a313-b1bac681da0f', '2026-04-30T16:49:00+00:00', '2026-04-30T17:49:00+00:00', 75.0, 'completed', NULL, '2026-04-30T16:39:50.287385+00:00', '2026-04-30T21:31:40.331198+00:00', 'Cristiano Campos Ferreira', '5532991688360', 0, NULL, NULL, NULL, '2026-04-30T21:31:40.331198+00:00', NULL, NULL, false, 0.0, NULL, NULL, 75, 75, 0, 0, 0, '126c9b6d-ff93-4488-8113-a2cfee6f03fe', false, false, false, false, 'regular') ON CONFLICT DO NOTHING;
INSERT INTO public.appointments (id, company_id, client_id, professional_id, start_time, end_time, total_price, status, notes, created_at, updated_at, client_name, client_whatsapp, delay_minutes, rescheduled_from_id, event_id, promotion_id, completed_at, delay_source_appointment_id, delay_applied_at, special_schedule, extra_fee, extra_fee_type, extra_fee_value, final_price, original_price, promotion_discount, cashback_used, manual_discount, user_id, whatsapp_confirmation_sent, whatsapp_reminder_sent, whatsapp_review_sent, whatsapp_reminder_1d_sent, booking_origin) VALUES ('a2d8b06f-b6a4-42c7-897f-af0f2375b19d', '746ad0ac-8aea-468c-8bda-a89b87bef60c', '83eaba71-9f4e-43aa-a30a-565ced2bbb75', 'c9786e20-7eab-4c2b-a313-b1bac681da0f', '2026-04-30T18:07:00+00:00', '2026-04-30T18:27:00+00:00', 25.0, 'completed', NULL, '2026-04-30T17:07:44.286015+00:00', '2026-04-30T21:32:15.517062+00:00', 'Nathalia Martins', '5532988564025', 0, NULL, NULL, NULL, '2026-04-30T21:32:15.517062+00:00', NULL, NULL, false, 0.0, NULL, NULL, 23, 25, 0, 0, 2, '02503cd1-f80f-4e21-9f92-504abb674d7c', false, false, false, false, 'regular') ON CONFLICT DO NOTHING;
INSERT INTO public.appointments (id, company_id, client_id, professional_id, start_time, end_time, total_price, status, notes, created_at, updated_at, client_name, client_whatsapp, delay_minutes, rescheduled_from_id, event_id, promotion_id, completed_at, delay_source_appointment_id, delay_applied_at, special_schedule, extra_fee, extra_fee_type, extra_fee_value, final_price, original_price, promotion_discount, cashback_used, manual_discount, user_id, whatsapp_confirmation_sent, whatsapp_reminder_sent, whatsapp_review_sent, whatsapp_reminder_1d_sent, booking_origin) VALUES ('ce97ae60-38ca-405c-9945-cd3c78c27277', '746ad0ac-8aea-468c-8bda-a89b87bef60c', '36528050-faba-4014-95f0-61ad68a74f3a', '4b63dd02-bb7a-4904-8cb5-d3efcd30bade', '2026-05-02T12:00:00+00:00', '2026-05-02T13:30:00+00:00', 85.0, 'completed', 'Agendamento manual', '2026-04-30T21:48:52.887824+00:00', '2026-05-03T17:10:55.498471+00:00', 'Raphael Cosme', '5532991267990', 0, NULL, NULL, NULL, '2026-05-03T17:10:55.498471+00:00', NULL, NULL, false, 0.0, NULL, NULL, 85, 85, 0, 0, 0, NULL, false, false, false, false, 'regular') ON CONFLICT DO NOTHING;
INSERT INTO public.appointments (id, company_id, client_id, professional_id, start_time, end_time, total_price, status, notes, created_at, updated_at, client_name, client_whatsapp, delay_minutes, rescheduled_from_id, event_id, promotion_id, completed_at, delay_source_appointment_id, delay_applied_at, special_schedule, extra_fee, extra_fee_type, extra_fee_value, final_price, original_price, promotion_discount, cashback_used, manual_discount, user_id, whatsapp_confirmation_sent, whatsapp_reminder_sent, whatsapp_review_sent, whatsapp_reminder_1d_sent, booking_origin) VALUES ('c7467b0a-e310-4f3a-b2dc-2d621796b944', '746ad0ac-8aea-468c-8bda-a89b87bef60c', '822a6696-ccb0-44c2-b351-3b353528750c', '4b63dd02-bb7a-4904-8cb5-d3efcd30bade', '2026-05-02T13:30:00+00:00', '2026-05-02T14:05:00+00:00', 45.0, 'completed', NULL, '2026-05-01T17:26:52.503415+00:00', '2026-05-03T17:11:15.837543+00:00', 'Cristiano Campos Ferreira', '5532991688360', 0, NULL, NULL, NULL, '2026-05-03T17:11:15.837543+00:00', NULL, NULL, false, 0.0, NULL, NULL, 45, 45, 0, 0, 0, '56314174-1818-4884-9062-d8836ed3fcf1', false, false, false, false, 'regular') ON CONFLICT DO NOTHING;
INSERT INTO public.appointments (id, company_id, client_id, professional_id, start_time, end_time, total_price, status, notes, created_at, updated_at, client_name, client_whatsapp, delay_minutes, rescheduled_from_id, event_id, promotion_id, completed_at, delay_source_appointment_id, delay_applied_at, special_schedule, extra_fee, extra_fee_type, extra_fee_value, final_price, original_price, promotion_discount, cashback_used, manual_discount, user_id, whatsapp_confirmation_sent, whatsapp_reminder_sent, whatsapp_review_sent, whatsapp_reminder_1d_sent, booking_origin) VALUES ('bc44b68e-f90d-48b5-b8eb-f8d72bb0b528', '746ad0ac-8aea-468c-8bda-a89b87bef60c', 'd1ee8cb2-fee3-497c-b806-69e4804996ed', '4b63dd02-bb7a-4904-8cb5-d3efcd30bade', '2026-05-02T15:20:00+00:00', '2026-05-02T15:45:00+00:00', 30.0, 'completed', 'Agendamento manual', '2026-04-30T21:54:19.783163+00:00', '2026-05-03T17:11:31.994862+00:00', 'Eduardo Nogueira', '5532954411257', 0, NULL, NULL, NULL, '2026-05-03T17:11:31.994862+00:00', NULL, NULL, false, 0.0, NULL, NULL, 20, 30, 0, 0, 10, NULL, false, false, false, false, 'regular') ON CONFLICT DO NOTHING;
INSERT INTO public.appointments (id, company_id, client_id, professional_id, start_time, end_time, total_price, status, notes, created_at, updated_at, client_name, client_whatsapp, delay_minutes, rescheduled_from_id, event_id, promotion_id, completed_at, delay_source_appointment_id, delay_applied_at, special_schedule, extra_fee, extra_fee_type, extra_fee_value, final_price, original_price, promotion_discount, cashback_used, manual_discount, user_id, whatsapp_confirmation_sent, whatsapp_reminder_sent, whatsapp_review_sent, whatsapp_reminder_1d_sent, booking_origin) VALUES ('0983c576-167b-49e2-8f38-828a8a25cb3b', '746ad0ac-8aea-468c-8bda-a89b87bef60c', '822a6696-ccb0-44c2-b351-3b353528750c', '4b63dd02-bb7a-4904-8cb5-d3efcd30bade', '2026-05-02T16:15:00+00:00', '2026-05-02T16:25:00+00:00', 15.0, 'completed', 'Agendamento manual', '2026-04-30T21:55:21.425282+00:00', '2026-05-03T17:12:36.586888+00:00', 'Cristiano Campos Ferreira', '5532991688360', 0, NULL, NULL, NULL, '2026-05-03T17:12:36.586888+00:00', NULL, NULL, false, 0.0, NULL, NULL, 15, 15, 0, 0, 0, '126c9b6d-ff93-4488-8113-a2cfee6f03fe', false, false, false, false, 'regular') ON CONFLICT DO NOTHING;
INSERT INTO public.appointments (id, company_id, client_id, professional_id, start_time, end_time, total_price, status, notes, created_at, updated_at, client_name, client_whatsapp, delay_minutes, rescheduled_from_id, event_id, promotion_id, completed_at, delay_source_appointment_id, delay_applied_at, special_schedule, extra_fee, extra_fee_type, extra_fee_value, final_price, original_price, promotion_discount, cashback_used, manual_discount, user_id, whatsapp_confirmation_sent, whatsapp_reminder_sent, whatsapp_review_sent, whatsapp_reminder_1d_sent, booking_origin) VALUES ('4606d5e8-67d3-4fa1-b152-48942e95d666', '746ad0ac-8aea-468c-8bda-a89b87bef60c', '822a6696-ccb0-44c2-b351-3b353528750c', '4b63dd02-bb7a-4904-8cb5-d3efcd30bade', '2026-05-05T12:00:00+00:00', '2026-05-05T13:40:00+00:00', 100.0, 'completed', NULL, '2026-04-30T23:00:35.265335+00:00', '2026-05-05T17:05:58.116352+00:00', 'Cristiano Campos Ferreira', '5532991688360', 0, NULL, NULL, NULL, '2026-05-05T17:05:58.116352+00:00', NULL, NULL, false, 0.0, NULL, NULL, 100, 100, 0, 0, 0, '126c9b6d-ff93-4488-8113-a2cfee6f03fe', false, false, false, false, 'regular') ON CONFLICT DO NOTHING;
INSERT INTO public.appointments (id, company_id, client_id, professional_id, start_time, end_time, total_price, status, notes, created_at, updated_at, client_name, client_whatsapp, delay_minutes, rescheduled_from_id, event_id, promotion_id, completed_at, delay_source_appointment_id, delay_applied_at, special_schedule, extra_fee, extra_fee_type, extra_fee_value, final_price, original_price, promotion_discount, cashback_used, manual_discount, user_id, whatsapp_confirmation_sent, whatsapp_reminder_sent, whatsapp_review_sent, whatsapp_reminder_1d_sent, booking_origin) VALUES ('953fb6c9-ce78-42d7-8900-1f1746a5007f', '746ad0ac-8aea-468c-8bda-a89b87bef60c', '822a6696-ccb0-44c2-b351-3b353528750c', '4b63dd02-bb7a-4904-8cb5-d3efcd30bade', '2026-05-06T16:30:00+00:00', '2026-05-06T17:30:00+00:00', 75.0, 'completed', NULL, '2026-05-03T18:32:14.00153+00:00', '2026-05-06T19:02:12.953441+00:00', 'Cristiano Campos Ferreira', '5532991688360', 20, NULL, NULL, NULL, '2026-05-06T19:02:12.953441+00:00', '953fb6c9-ce78-42d7-8900-1f1746a5007f', '2026-05-06T12:02:54.186436+00:00', false, 0.0, NULL, 0, 75, 75, 0, 0, 0, '126c9b6d-ff93-4488-8113-a2cfee6f03fe', false, false, false, false, 'public_booking') ON CONFLICT DO NOTHING;
INSERT INTO public.appointments (id, company_id, client_id, professional_id, start_time, end_time, total_price, status, notes, created_at, updated_at, client_name, client_whatsapp, delay_minutes, rescheduled_from_id, event_id, promotion_id, completed_at, delay_source_appointment_id, delay_applied_at, special_schedule, extra_fee, extra_fee_type, extra_fee_value, final_price, original_price, promotion_discount, cashback_used, manual_discount, user_id, whatsapp_confirmation_sent, whatsapp_reminder_sent, whatsapp_review_sent, whatsapp_reminder_1d_sent, booking_origin) VALUES ('5e163f77-d146-4e6c-8197-3b0ee0312886', 'ba00be4b-a872-4d08-880a-a5033b40ed3f', 'a84ce3fd-c4c9-44b6-9622-b354d45edf68', '83b47116-366a-43f6-9dc5-0667a7cad652', '2026-05-04T17:00:00+00:00', '2026-05-04T17:30:00+00:00', 35.0, 'confirmed', NULL, '2026-05-01T20:20:08.69808+00:00', '2026-05-01T20:20:08.69808+00:00', 'Nathalia Martins', '5532988564025', 0, NULL, NULL, NULL, NULL, NULL, NULL, false, 0.0, NULL, 0, 35, 35, 0, 0, 0, '02503cd1-f80f-4e21-9f92-504abb674d7c', false, false, false, false, 'public_booking') ON CONFLICT DO NOTHING;
INSERT INTO public.appointments (id, company_id, client_id, professional_id, start_time, end_time, total_price, status, notes, created_at, updated_at, client_name, client_whatsapp, delay_minutes, rescheduled_from_id, event_id, promotion_id, completed_at, delay_source_appointment_id, delay_applied_at, special_schedule, extra_fee, extra_fee_type, extra_fee_value, final_price, original_price, promotion_discount, cashback_used, manual_discount, user_id, whatsapp_confirmation_sent, whatsapp_reminder_sent, whatsapp_review_sent, whatsapp_reminder_1d_sent, booking_origin) VALUES ('c7d39cc5-2b3f-4c9f-9757-701811a0c8c0', 'ba00be4b-a872-4d08-880a-a5033b40ed3f', 'a84ce3fd-c4c9-44b6-9622-b354d45edf68', '83b47116-366a-43f6-9dc5-0667a7cad652', '2026-05-04T14:40:00+00:00', '2026-05-04T15:00:00+00:00', 25.0, 'confirmed', 'Agendamento manual', '2026-05-01T20:21:09.130334+00:00', '2026-05-01T20:21:09.130334+00:00', 'Nathalia Martins', '5532988564025', 0, NULL, NULL, NULL, NULL, NULL, NULL, false, 0.0, NULL, 0, 25, 25, 0, 0, 0, '5d6a5d58-bfaa-4808-9058-08126aa36b20', false, false, false, false, 'manual') ON CONFLICT DO NOTHING;
INSERT INTO public.appointments (id, company_id, client_id, professional_id, start_time, end_time, total_price, status, notes, created_at, updated_at, client_name, client_whatsapp, delay_minutes, rescheduled_from_id, event_id, promotion_id, completed_at, delay_source_appointment_id, delay_applied_at, special_schedule, extra_fee, extra_fee_type, extra_fee_value, final_price, original_price, promotion_discount, cashback_used, manual_discount, user_id, whatsapp_confirmation_sent, whatsapp_reminder_sent, whatsapp_review_sent, whatsapp_reminder_1d_sent, booking_origin) VALUES ('f5578ceb-571d-4b97-947a-6777c5ab5a8c', 'ba00be4b-a872-4d08-880a-a5033b40ed3f', 'a84ce3fd-c4c9-44b6-9622-b354d45edf68', '83b47116-366a-43f6-9dc5-0667a7cad652', '2026-05-04T19:05:00+00:00', '2026-05-04T19:25:00+00:00', 25.0, 'confirmed', 'Agendamento manual', '2026-05-01T20:25:17.725943+00:00', '2026-05-01T20:25:17.725943+00:00', 'Nathalia Martins', '5532988564025', 0, NULL, NULL, NULL, NULL, NULL, NULL, false, 0.0, NULL, 0, 25, 25, 0, 0, 0, '5d6a5d58-bfaa-4808-9058-08126aa36b20', false, false, false, false, 'manual') ON CONFLICT DO NOTHING;
INSERT INTO public.appointments (id, company_id, client_id, professional_id, start_time, end_time, total_price, status, notes, created_at, updated_at, client_name, client_whatsapp, delay_minutes, rescheduled_from_id, event_id, promotion_id, completed_at, delay_source_appointment_id, delay_applied_at, special_schedule, extra_fee, extra_fee_type, extra_fee_value, final_price, original_price, promotion_discount, cashback_used, manual_discount, user_id, whatsapp_confirmation_sent, whatsapp_reminder_sent, whatsapp_review_sent, whatsapp_reminder_1d_sent, booking_origin) VALUES ('24c8438d-1431-45f5-a396-18849334b245', 'ba00be4b-a872-4d08-880a-a5033b40ed3f', 'a84ce3fd-c4c9-44b6-9622-b354d45edf68', '83b47116-366a-43f6-9dc5-0667a7cad652', '2026-05-04T19:25:00+00:00', '2026-05-04T20:25:00+00:00', 75.0, 'confirmed', 'Agendamento manual', '2026-05-01T20:28:41.995701+00:00', '2026-05-01T20:28:41.995701+00:00', 'Nathalia Martins', '5532988564025', 0, NULL, NULL, NULL, NULL, NULL, NULL, false, 0.0, NULL, 0, 75, 75, 0, 0, 0, '5d6a5d58-bfaa-4808-9058-08126aa36b20', false, false, false, false, 'manual') ON CONFLICT DO NOTHING;
INSERT INTO public.appointments (id, company_id, client_id, professional_id, start_time, end_time, total_price, status, notes, created_at, updated_at, client_name, client_whatsapp, delay_minutes, rescheduled_from_id, event_id, promotion_id, completed_at, delay_source_appointment_id, delay_applied_at, special_schedule, extra_fee, extra_fee_type, extra_fee_value, final_price, original_price, promotion_discount, cashback_used, manual_discount, user_id, whatsapp_confirmation_sent, whatsapp_reminder_sent, whatsapp_review_sent, whatsapp_reminder_1d_sent, booking_origin) VALUES ('7e27e213-bee3-4a7a-877c-a9c6d1a637a4', 'ba00be4b-a872-4d08-880a-a5033b40ed3f', 'a84ce3fd-c4c9-44b6-9622-b354d45edf68', '83b47116-366a-43f6-9dc5-0667a7cad652', '2026-05-04T13:00:00+00:00', '2026-05-04T13:45:00+00:00', 60.0, 'confirmed', NULL, '2026-05-01T20:31:11.481228+00:00', '2026-05-01T20:31:11.481228+00:00', 'Nathalia Martins', '5532988564025', 0, NULL, NULL, NULL, NULL, NULL, NULL, false, 0.0, NULL, 0, 60, 60, 0, 0, 0, '02503cd1-f80f-4e21-9f92-504abb674d7c', false, false, false, false, 'public_booking') ON CONFLICT DO NOTHING;
INSERT INTO public.appointments (id, company_id, client_id, professional_id, start_time, end_time, total_price, status, notes, created_at, updated_at, client_name, client_whatsapp, delay_minutes, rescheduled_from_id, event_id, promotion_id, completed_at, delay_source_appointment_id, delay_applied_at, special_schedule, extra_fee, extra_fee_type, extra_fee_value, final_price, original_price, promotion_discount, cashback_used, manual_discount, user_id, whatsapp_confirmation_sent, whatsapp_reminder_sent, whatsapp_review_sent, whatsapp_reminder_1d_sent, booking_origin) VALUES ('ec5ce9bc-032d-4675-927a-d26cfe77b3e0', 'ba00be4b-a872-4d08-880a-a5033b40ed3f', 'a84ce3fd-c4c9-44b6-9622-b354d45edf68', '83b47116-366a-43f6-9dc5-0667a7cad652', '2026-05-04T14:00:00+00:00', '2026-05-04T14:40:00+00:00', 50.0, 'cancelled', 'Agendamento manual', '2026-05-01T20:18:58.831082+00:00', '2026-05-01T20:35:02.330562+00:00', 'Nathalia Martins', '5532988564025', 0, NULL, NULL, NULL, NULL, NULL, NULL, false, 0.0, NULL, 0, 50, 50, 0, 0, 0, '5d6a5d58-bfaa-4808-9058-08126aa36b20', false, false, false, false, 'manual') ON CONFLICT DO NOTHING;
INSERT INTO public.appointments (id, company_id, client_id, professional_id, start_time, end_time, total_price, status, notes, created_at, updated_at, client_name, client_whatsapp, delay_minutes, rescheduled_from_id, event_id, promotion_id, completed_at, delay_source_appointment_id, delay_applied_at, special_schedule, extra_fee, extra_fee_type, extra_fee_value, final_price, original_price, promotion_discount, cashback_used, manual_discount, user_id, whatsapp_confirmation_sent, whatsapp_reminder_sent, whatsapp_review_sent, whatsapp_reminder_1d_sent, booking_origin) VALUES ('3b4e199c-908c-497b-995c-8268223d2d50', 'ba00be4b-a872-4d08-880a-a5033b40ed3f', 'a84ce3fd-c4c9-44b6-9622-b354d45edf68', '83b47116-366a-43f6-9dc5-0667a7cad652', '2026-05-04T16:20:00+00:00', '2026-05-04T16:40:00+00:00', 25.0, 'confirmed', 'Agendamento manual', '2026-05-01T20:47:14.376857+00:00', '2026-05-01T20:47:14.376857+00:00', 'Nathalia Martins', '5532988564025', 0, NULL, NULL, NULL, NULL, NULL, NULL, false, 0.0, NULL, 0, 25, 25, 0, 0, 0, '02503cd1-f80f-4e21-9f92-504abb674d7c', false, false, false, false, 'manual') ON CONFLICT DO NOTHING;
INSERT INTO public.appointments (id, company_id, client_id, professional_id, start_time, end_time, total_price, status, notes, created_at, updated_at, client_name, client_whatsapp, delay_minutes, rescheduled_from_id, event_id, promotion_id, completed_at, delay_source_appointment_id, delay_applied_at, special_schedule, extra_fee, extra_fee_type, extra_fee_value, final_price, original_price, promotion_discount, cashback_used, manual_discount, user_id, whatsapp_confirmation_sent, whatsapp_reminder_sent, whatsapp_review_sent, whatsapp_reminder_1d_sent, booking_origin) VALUES ('563cd7ff-c079-42fe-8a52-727270479467', 'ba00be4b-a872-4d08-880a-a5033b40ed3f', 'a84ce3fd-c4c9-44b6-9622-b354d45edf68', '83b47116-366a-43f6-9dc5-0667a7cad652', '2026-05-03T08:00:00+00:00', '2026-05-03T08:20:00+00:00', 30.0, 'confirmed', 'quero teste se consigo agendar as 5h', '2026-05-02T14:52:34.803923+00:00', '2026-05-02T14:52:34.803923+00:00', 'Nathalia Martins', '5532988564025', 0, NULL, NULL, NULL, NULL, NULL, NULL, true, 5.0, '20', 20, 30, 30, 0, 0, 0, '5d6a5d58-bfaa-4808-9058-08126aa36b20', false, false, false, false, 'request') ON CONFLICT DO NOTHING;
INSERT INTO public.appointments (id, company_id, client_id, professional_id, start_time, end_time, total_price, status, notes, created_at, updated_at, client_name, client_whatsapp, delay_minutes, rescheduled_from_id, event_id, promotion_id, completed_at, delay_source_appointment_id, delay_applied_at, special_schedule, extra_fee, extra_fee_type, extra_fee_value, final_price, original_price, promotion_discount, cashback_used, manual_discount, user_id, whatsapp_confirmation_sent, whatsapp_reminder_sent, whatsapp_review_sent, whatsapp_reminder_1d_sent, booking_origin) VALUES ('e6de672e-d20c-4f51-ab82-26dccde9fa12', 'ba00be4b-a872-4d08-880a-a5033b40ed3f', 'a84ce3fd-c4c9-44b6-9622-b354d45edf68', '83b47116-366a-43f6-9dc5-0667a7cad652', '2026-05-05T20:20:00+00:00', '2026-05-05T20:40:00+00:00', 22.5, 'confirmed', NULL, '2026-05-02T17:10:26.360662+00:00', '2026-05-02T17:10:26.360662+00:00', 'Nathalia Martins', '5532988564025', 0, NULL, NULL, '8d284df6-4ae0-43cb-9ee7-9b17f3b0cded', NULL, NULL, NULL, false, 0.0, NULL, 0, 22.5, 22.5, 0, 0, 0, '02503cd1-f80f-4e21-9f92-504abb674d7c', false, false, false, false, 'public_booking') ON CONFLICT DO NOTHING;
INSERT INTO public.appointments (id, company_id, client_id, professional_id, start_time, end_time, total_price, status, notes, created_at, updated_at, client_name, client_whatsapp, delay_minutes, rescheduled_from_id, event_id, promotion_id, completed_at, delay_source_appointment_id, delay_applied_at, special_schedule, extra_fee, extra_fee_type, extra_fee_value, final_price, original_price, promotion_discount, cashback_used, manual_discount, user_id, whatsapp_confirmation_sent, whatsapp_reminder_sent, whatsapp_review_sent, whatsapp_reminder_1d_sent, booking_origin) VALUES ('507b809a-5f41-4b03-bf95-e4f7760c5ccc', 'ba00be4b-a872-4d08-880a-a5033b40ed3f', 'a84ce3fd-c4c9-44b6-9622-b354d45edf68', '83b47116-366a-43f6-9dc5-0667a7cad652', '2026-05-05T17:00:00+00:00', '2026-05-05T17:20:00+00:00', 22.5, 'confirmed', NULL, '2026-05-02T17:27:34.962113+00:00', '2026-05-02T17:27:34.962113+00:00', 'Nathalia Martins', '5532988564025', 0, NULL, NULL, '6a01a079-c4e0-409c-a61b-3fac1ac82d8a', NULL, NULL, NULL, false, 0.0, NULL, 0, 22.5, 22.5, 0, 0, 0, '02503cd1-f80f-4e21-9f92-504abb674d7c', false, false, false, false, 'public_booking') ON CONFLICT DO NOTHING;
INSERT INTO public.appointments (id, company_id, client_id, professional_id, start_time, end_time, total_price, status, notes, created_at, updated_at, client_name, client_whatsapp, delay_minutes, rescheduled_from_id, event_id, promotion_id, completed_at, delay_source_appointment_id, delay_applied_at, special_schedule, extra_fee, extra_fee_type, extra_fee_value, final_price, original_price, promotion_discount, cashback_used, manual_discount, user_id, whatsapp_confirmation_sent, whatsapp_reminder_sent, whatsapp_review_sent, whatsapp_reminder_1d_sent, booking_origin) VALUES ('1a1cae49-9e64-4ac3-92a5-4e8741d2253e', '746ad0ac-8aea-468c-8bda-a89b87bef60c', '83eaba71-9f4e-43aa-a30a-565ced2bbb75', '4b63dd02-bb7a-4904-8cb5-d3efcd30bade', '2026-05-02T14:10:00+00:00', '2026-05-02T14:30:00+00:00', 25.0, 'completed', 'Agendamento manual', '2026-04-30T21:52:58.784991+00:00', '2026-05-03T17:11:51.401142+00:00', 'Nathalia Martins', '5532988564025', 0, NULL, NULL, NULL, '2026-05-03T17:11:42.889432+00:00', NULL, NULL, false, 0.0, NULL, NULL, 25, 25, 0, 0, 0, '02503cd1-f80f-4e21-9f92-504abb674d7c', false, false, false, false, 'regular') ON CONFLICT DO NOTHING;
INSERT INTO public.appointments (id, company_id, client_id, professional_id, start_time, end_time, total_price, status, notes, created_at, updated_at, client_name, client_whatsapp, delay_minutes, rescheduled_from_id, event_id, promotion_id, completed_at, delay_source_appointment_id, delay_applied_at, special_schedule, extra_fee, extra_fee_type, extra_fee_value, final_price, original_price, promotion_discount, cashback_used, manual_discount, user_id, whatsapp_confirmation_sent, whatsapp_reminder_sent, whatsapp_review_sent, whatsapp_reminder_1d_sent, booking_origin) VALUES ('ca2cf053-a091-4897-822d-9007cbf5724c', '746ad0ac-8aea-468c-8bda-a89b87bef60c', '822a6696-ccb0-44c2-b351-3b353528750c', '4b63dd02-bb7a-4904-8cb5-d3efcd30bade', '2026-05-02T14:30:00+00:00', '2026-05-02T15:00:00+00:00', 35.0, 'completed', 'Agendamento manual', '2026-05-01T21:17:48.11988+00:00', '2026-05-03T17:12:00.86926+00:00', 'Cristiano Ferreira', '5532991688360', 0, NULL, NULL, NULL, '2026-05-03T17:12:00.86926+00:00', NULL, NULL, false, 0.0, NULL, 0, 35, 35, 0, 0, 0, '126c9b6d-ff93-4488-8113-a2cfee6f03fe', false, false, false, false, 'manual') ON CONFLICT DO NOTHING;
INSERT INTO public.appointments (id, company_id, client_id, professional_id, start_time, end_time, total_price, status, notes, created_at, updated_at, client_name, client_whatsapp, delay_minutes, rescheduled_from_id, event_id, promotion_id, completed_at, delay_source_appointment_id, delay_applied_at, special_schedule, extra_fee, extra_fee_type, extra_fee_value, final_price, original_price, promotion_discount, cashback_used, manual_discount, user_id, whatsapp_confirmation_sent, whatsapp_reminder_sent, whatsapp_review_sent, whatsapp_reminder_1d_sent, booking_origin) VALUES ('9342aa22-4241-4b7f-b509-74c6c0c9f251', '746ad0ac-8aea-468c-8bda-a89b87bef60c', '822a6696-ccb0-44c2-b351-3b353528750c', '4b63dd02-bb7a-4904-8cb5-d3efcd30bade', '2026-05-02T15:00:00+00:00', '2026-05-02T15:20:00+00:00', 25.0, 'completed', 'Agendamento manual', '2026-05-01T21:26:53.540522+00:00', '2026-05-03T17:12:19.139907+00:00', 'Cristiano Ferreira', '5532991688360', 0, NULL, NULL, NULL, '2026-05-03T17:12:19.139907+00:00', NULL, NULL, false, 0.0, NULL, 0, 25, 25, 0, 0, 0, '126c9b6d-ff93-4488-8113-a2cfee6f03fe', false, false, false, false, 'manual') ON CONFLICT DO NOTHING;
INSERT INTO public.appointments (id, company_id, client_id, professional_id, start_time, end_time, total_price, status, notes, created_at, updated_at, client_name, client_whatsapp, delay_minutes, rescheduled_from_id, event_id, promotion_id, completed_at, delay_source_appointment_id, delay_applied_at, special_schedule, extra_fee, extra_fee_type, extra_fee_value, final_price, original_price, promotion_discount, cashback_used, manual_discount, user_id, whatsapp_confirmation_sent, whatsapp_reminder_sent, whatsapp_review_sent, whatsapp_reminder_1d_sent, booking_origin) VALUES ('2a057576-359a-4cc7-823b-96236fad940f', 'ba00be4b-a872-4d08-880a-a5033b40ed3f', 'a84ce3fd-c4c9-44b6-9622-b354d45edf68', '83b47116-366a-43f6-9dc5-0667a7cad652', '2026-05-04T12:00:00+00:00', '2026-05-04T13:00:00+00:00', 75.0, 'completed', NULL, '2026-05-01T17:50:59.615293+00:00', '2026-05-04T13:05:06.448964+00:00', 'Nathalia Martins', '5532988564025', 0, NULL, NULL, NULL, '2026-05-04T13:05:06.448964+00:00', NULL, NULL, false, 0.0, NULL, NULL, 75, 75, 0, 0, 0, '02503cd1-f80f-4e21-9f92-504abb674d7c', false, false, false, false, 'regular') ON CONFLICT DO NOTHING;
INSERT INTO public.appointments (id, company_id, client_id, professional_id, start_time, end_time, total_price, status, notes, created_at, updated_at, client_name, client_whatsapp, delay_minutes, rescheduled_from_id, event_id, promotion_id, completed_at, delay_source_appointment_id, delay_applied_at, special_schedule, extra_fee, extra_fee_type, extra_fee_value, final_price, original_price, promotion_discount, cashback_used, manual_discount, user_id, whatsapp_confirmation_sent, whatsapp_reminder_sent, whatsapp_review_sent, whatsapp_reminder_1d_sent, booking_origin) VALUES ('6d3e5d4a-b0c6-44c1-aab5-f096853b69d9', 'ba00be4b-a872-4d08-880a-a5033b40ed3f', 'a84ce3fd-c4c9-44b6-9622-b354d45edf68', '83b47116-366a-43f6-9dc5-0667a7cad652', '2026-05-05T17:20:00+00:00', '2026-05-05T17:50:00+00:00', 35.0, 'confirmed', NULL, '2026-05-04T14:31:35.231862+00:00', '2026-05-04T14:31:35.231862+00:00', 'Nathalia Martins', '5532988564025', 0, NULL, NULL, NULL, NULL, NULL, NULL, false, 0.0, NULL, 0, 35, 35, 0, 0, 0, '02503cd1-f80f-4e21-9f92-504abb674d7c', false, false, false, false, 'public_booking') ON CONFLICT DO NOTHING;
INSERT INTO public.appointments (id, company_id, client_id, professional_id, start_time, end_time, total_price, status, notes, created_at, updated_at, client_name, client_whatsapp, delay_minutes, rescheduled_from_id, event_id, promotion_id, completed_at, delay_source_appointment_id, delay_applied_at, special_schedule, extra_fee, extra_fee_type, extra_fee_value, final_price, original_price, promotion_discount, cashback_used, manual_discount, user_id, whatsapp_confirmation_sent, whatsapp_reminder_sent, whatsapp_review_sent, whatsapp_reminder_1d_sent, booking_origin) VALUES ('e3546b37-7967-4449-9611-edb0fa9d63f7', '746ad0ac-8aea-468c-8bda-a89b87bef60c', '822a6696-ccb0-44c2-b351-3b353528750c', '4b63dd02-bb7a-4904-8cb5-d3efcd30bade', '2026-05-05T13:40:00+00:00', '2026-05-05T14:10:00+00:00', 35.0, 'completed', NULL, '2026-05-01T20:37:33.187421+00:00', '2026-05-05T19:18:34.849894+00:00', 'Cristiano Campos Ferreira', '5532991688360', 0, NULL, NULL, NULL, '2026-05-05T19:18:20.280351+00:00', NULL, NULL, false, 0.0, NULL, 0, 35, 35, 0, 0, 0, '126c9b6d-ff93-4488-8113-a2cfee6f03fe', false, false, false, false, 'public_booking') ON CONFLICT DO NOTHING;
INSERT INTO public.appointments (id, company_id, client_id, professional_id, start_time, end_time, total_price, status, notes, created_at, updated_at, client_name, client_whatsapp, delay_minutes, rescheduled_from_id, event_id, promotion_id, completed_at, delay_source_appointment_id, delay_applied_at, special_schedule, extra_fee, extra_fee_type, extra_fee_value, final_price, original_price, promotion_discount, cashback_used, manual_discount, user_id, whatsapp_confirmation_sent, whatsapp_reminder_sent, whatsapp_review_sent, whatsapp_reminder_1d_sent, booking_origin) VALUES ('0991fb6a-79fd-4907-80ae-b17f2f298c16', '746ad0ac-8aea-468c-8bda-a89b87bef60c', '822a6696-ccb0-44c2-b351-3b353528750c', '4b63dd02-bb7a-4904-8cb5-d3efcd30bade', '2026-05-05T19:10:00+00:00', '2026-05-05T19:40:00+00:00', 40.0, 'completed', NULL, '2026-05-03T17:45:43.933557+00:00', '2026-05-05T19:20:13.590507+00:00', 'Cristiano Campos Ferreira', '5532991688360', 0, NULL, NULL, NULL, '2026-05-05T19:20:13.590507+00:00', NULL, NULL, false, 0.0, NULL, 0, 40, 40, 0, 0, 0, '126c9b6d-ff93-4488-8113-a2cfee6f03fe', false, false, false, false, 'public_booking') ON CONFLICT DO NOTHING;
INSERT INTO public.appointments (id, company_id, client_id, professional_id, start_time, end_time, total_price, status, notes, created_at, updated_at, client_name, client_whatsapp, delay_minutes, rescheduled_from_id, event_id, promotion_id, completed_at, delay_source_appointment_id, delay_applied_at, special_schedule, extra_fee, extra_fee_type, extra_fee_value, final_price, original_price, promotion_discount, cashback_used, manual_discount, user_id, whatsapp_confirmation_sent, whatsapp_reminder_sent, whatsapp_review_sent, whatsapp_reminder_1d_sent, booking_origin) VALUES ('9c6ebbc3-f1cb-47e0-85ad-154e63ff8c16', '746ad0ac-8aea-468c-8bda-a89b87bef60c', '822a6696-ccb0-44c2-b351-3b353528750c', '4b63dd02-bb7a-4904-8cb5-d3efcd30bade', '2026-05-05T14:30:00+00:00', '2026-05-05T15:00:00+00:00', 35.0, 'completed', NULL, '2026-05-03T17:41:49.708223+00:00', '2026-05-05T21:19:52.750762+00:00', 'Cristiano Campos Ferreira', '5532991688360', 0, NULL, NULL, NULL, '2026-05-05T21:19:52.750762+00:00', NULL, NULL, false, 0.0, NULL, 0, 35, 35, 0, 0, 0, '126c9b6d-ff93-4488-8113-a2cfee6f03fe', false, false, false, false, 'public_booking') ON CONFLICT DO NOTHING;
INSERT INTO public.appointments (id, company_id, client_id, professional_id, start_time, end_time, total_price, status, notes, created_at, updated_at, client_name, client_whatsapp, delay_minutes, rescheduled_from_id, event_id, promotion_id, completed_at, delay_source_appointment_id, delay_applied_at, special_schedule, extra_fee, extra_fee_type, extra_fee_value, final_price, original_price, promotion_discount, cashback_used, manual_discount, user_id, whatsapp_confirmation_sent, whatsapp_reminder_sent, whatsapp_review_sent, whatsapp_reminder_1d_sent, booking_origin) VALUES ('bab4a50e-0ad7-45de-b337-1a27db6d9733', 'ba00be4b-a872-4d08-880a-a5033b40ed3f', 'a84ce3fd-c4c9-44b6-9622-b354d45edf68', '83b47116-366a-43f6-9dc5-0667a7cad652', '2026-05-05T13:00:00+00:00', '2026-05-05T13:20:00+00:00', 25.0, 'completed', 'Agendamento manual', '2026-05-01T21:07:45.963516+00:00', '2026-05-06T13:47:42.356336+00:00', 'Nathalia Martins', '5532988564025', 0, NULL, NULL, NULL, '2026-05-06T13:47:39.592754+00:00', NULL, NULL, false, 0.0, NULL, 0, 25, 25, 0, 0, 0, '02503cd1-f80f-4e21-9f92-504abb674d7c', false, false, false, false, 'manual') ON CONFLICT DO NOTHING;
INSERT INTO public.appointments (id, company_id, client_id, professional_id, start_time, end_time, total_price, status, notes, created_at, updated_at, client_name, client_whatsapp, delay_minutes, rescheduled_from_id, event_id, promotion_id, completed_at, delay_source_appointment_id, delay_applied_at, special_schedule, extra_fee, extra_fee_type, extra_fee_value, final_price, original_price, promotion_discount, cashback_used, manual_discount, user_id, whatsapp_confirmation_sent, whatsapp_reminder_sent, whatsapp_review_sent, whatsapp_reminder_1d_sent, booking_origin) VALUES ('d2190a8d-a9af-4dbf-9014-cb23d227cb73', 'ba00be4b-a872-4d08-880a-a5033b40ed3f', 'a84ce3fd-c4c9-44b6-9622-b354d45edf68', 'cc45eafd-df45-4775-9b67-b06cbfab6e27', '2026-05-05T16:00:00+00:00', '2026-05-05T16:30:00+00:00', 35.0, 'completed', 'Agendamento manual', '2026-05-04T14:51:13.874929+00:00', '2026-05-06T13:47:46.371138+00:00', 'Nathalia Martins', '5532988564025', 0, NULL, NULL, NULL, '2026-05-06T13:47:46.371138+00:00', NULL, NULL, false, 0.0, NULL, 0, 35, 35, 0, 0, 0, '02503cd1-f80f-4e21-9f92-504abb674d7c', false, false, false, false, 'manual') ON CONFLICT DO NOTHING;
INSERT INTO public.appointments (id, company_id, client_id, professional_id, start_time, end_time, total_price, status, notes, created_at, updated_at, client_name, client_whatsapp, delay_minutes, rescheduled_from_id, event_id, promotion_id, completed_at, delay_source_appointment_id, delay_applied_at, special_schedule, extra_fee, extra_fee_type, extra_fee_value, final_price, original_price, promotion_discount, cashback_used, manual_discount, user_id, whatsapp_confirmation_sent, whatsapp_reminder_sent, whatsapp_review_sent, whatsapp_reminder_1d_sent, booking_origin) VALUES ('e89b357a-4650-4452-8608-fafa6a71e89c', 'ba00be4b-a872-4d08-880a-a5033b40ed3f', 'a84ce3fd-c4c9-44b6-9622-b354d45edf68', '83b47116-366a-43f6-9dc5-0667a7cad652', '2026-05-05T16:20:00+00:00', '2026-05-05T16:50:00+00:00', 35.0, 'completed', 'Agendamento manual', '2026-05-04T14:30:35.71271+00:00', '2026-05-06T13:49:12.750109+00:00', 'Nathalia Martins', '5532988564025', 0, NULL, NULL, NULL, '2026-05-06T13:49:12.750109+00:00', NULL, NULL, false, 0.0, NULL, 0, 35, 35, 0, 0, 0, '02503cd1-f80f-4e21-9f92-504abb674d7c', false, false, false, false, 'manual') ON CONFLICT DO NOTHING;
INSERT INTO public.appointments (id, company_id, client_id, professional_id, start_time, end_time, total_price, status, notes, created_at, updated_at, client_name, client_whatsapp, delay_minutes, rescheduled_from_id, event_id, promotion_id, completed_at, delay_source_appointment_id, delay_applied_at, special_schedule, extra_fee, extra_fee_type, extra_fee_value, final_price, original_price, promotion_discount, cashback_used, manual_discount, user_id, whatsapp_confirmation_sent, whatsapp_reminder_sent, whatsapp_review_sent, whatsapp_reminder_1d_sent, booking_origin) VALUES ('bc07164f-2a64-47ed-aaff-c0d4e3ae0005', '746ad0ac-8aea-468c-8bda-a89b87bef60c', '822a6696-ccb0-44c2-b351-3b353528750c', 'c9786e20-7eab-4c2b-a313-b1bac681da0f', '2026-05-06T18:20:00+00:00', '2026-05-06T18:40:00+00:00', 25.0, 'rescheduled', 'Agendamento manual', '2026-05-04T16:42:28.897671+00:00', '2026-05-04T16:44:45.37949+00:00', 'Cristiano Ferreira', '5532991688360', 0, NULL, NULL, NULL, NULL, NULL, NULL, false, 0.0, NULL, 0, 25, 25, 0, 0, 0, '126c9b6d-ff93-4488-8113-a2cfee6f03fe', false, false, false, false, 'manual') ON CONFLICT DO NOTHING;
INSERT INTO public.appointments (id, company_id, client_id, professional_id, start_time, end_time, total_price, status, notes, created_at, updated_at, client_name, client_whatsapp, delay_minutes, rescheduled_from_id, event_id, promotion_id, completed_at, delay_source_appointment_id, delay_applied_at, special_schedule, extra_fee, extra_fee_type, extra_fee_value, final_price, original_price, promotion_discount, cashback_used, manual_discount, user_id, whatsapp_confirmation_sent, whatsapp_reminder_sent, whatsapp_review_sent, whatsapp_reminder_1d_sent, booking_origin) VALUES ('f54cae69-3221-4952-a356-2fd1ab244411', 'ba00be4b-a872-4d08-880a-a5033b40ed3f', 'a84ce3fd-c4c9-44b6-9622-b354d45edf68', '83b47116-366a-43f6-9dc5-0667a7cad652', '2026-05-08T12:20:00+00:00', '2026-05-08T12:50:00+00:00', 35.0, 'confirmed', NULL, '2026-05-07T14:25:07.680003+00:00', '2026-05-07T14:25:07.680003+00:00', 'Nathalia Martins', '5532988564025', 0, NULL, NULL, '999bc961-9334-4590-9145-fbbeb43eb84c', NULL, NULL, NULL, false, 0.0, NULL, 0, 35, 35, 0, 0, 0, '02503cd1-f80f-4e21-9f92-504abb674d7c', false, false, false, false, 'public_booking') ON CONFLICT DO NOTHING;
INSERT INTO public.appointments (id, company_id, client_id, professional_id, start_time, end_time, total_price, status, notes, created_at, updated_at, client_name, client_whatsapp, delay_minutes, rescheduled_from_id, event_id, promotion_id, completed_at, delay_source_appointment_id, delay_applied_at, special_schedule, extra_fee, extra_fee_type, extra_fee_value, final_price, original_price, promotion_discount, cashback_used, manual_discount, user_id, whatsapp_confirmation_sent, whatsapp_reminder_sent, whatsapp_review_sent, whatsapp_reminder_1d_sent, booking_origin) VALUES ('d6f609c3-21b7-438b-9f9d-f5065d153045', '746ad0ac-8aea-468c-8bda-a89b87bef60c', '822a6696-ccb0-44c2-b351-3b353528750c', '02e5b0f3-1e86-4417-8d01-6c96373a81f4', '2026-05-15T16:10:00+00:00', '2026-05-15T16:30:00+00:00', 21.25, 'confirmed', NULL, '2026-05-04T17:28:46.601369+00:00', '2026-05-04T17:28:46.601369+00:00', 'Cristiano Campos Ferreira', '5532991688360', 0, NULL, NULL, 'fe2f2048-4cef-4f08-bda4-30a34800538a', NULL, NULL, NULL, false, 0.0, NULL, 0, 21.25, 21.25, 0, 0, 0, '126c9b6d-ff93-4488-8113-a2cfee6f03fe', false, false, false, false, 'public_booking') ON CONFLICT DO NOTHING;
INSERT INTO public.appointments (id, company_id, client_id, professional_id, start_time, end_time, total_price, status, notes, created_at, updated_at, client_name, client_whatsapp, delay_minutes, rescheduled_from_id, event_id, promotion_id, completed_at, delay_source_appointment_id, delay_applied_at, special_schedule, extra_fee, extra_fee_type, extra_fee_value, final_price, original_price, promotion_discount, cashback_used, manual_discount, user_id, whatsapp_confirmation_sent, whatsapp_reminder_sent, whatsapp_review_sent, whatsapp_reminder_1d_sent, booking_origin) VALUES ('c0d43d7a-f1b6-435f-93fd-f14cfce1348d', 'ba00be4b-a872-4d08-880a-a5033b40ed3f', 'a84ce3fd-c4c9-44b6-9622-b354d45edf68', '83b47116-366a-43f6-9dc5-0667a7cad652', '2026-05-08T13:50:00+00:00', '2026-05-08T14:10:00+00:00', 21.25, 'confirmed', NULL, '2026-05-07T14:49:17.035589+00:00', '2026-05-07T14:49:17.035589+00:00', 'Nathalia Martins', '5532988564025', 0, NULL, NULL, 'e00c7bf9-c116-4ced-8b15-65befeab031b', NULL, NULL, NULL, false, 0.0, NULL, 0, 21.25, 21.25, 0, 0, 0, '02503cd1-f80f-4e21-9f92-504abb674d7c', false, false, false, false, 'public_booking') ON CONFLICT DO NOTHING;
INSERT INTO public.appointments (id, company_id, client_id, professional_id, start_time, end_time, total_price, status, notes, created_at, updated_at, client_name, client_whatsapp, delay_minutes, rescheduled_from_id, event_id, promotion_id, completed_at, delay_source_appointment_id, delay_applied_at, special_schedule, extra_fee, extra_fee_type, extra_fee_value, final_price, original_price, promotion_discount, cashback_used, manual_discount, user_id, whatsapp_confirmation_sent, whatsapp_reminder_sent, whatsapp_review_sent, whatsapp_reminder_1d_sent, booking_origin) VALUES ('44fd0dec-5c4b-428b-884c-820765faff38', '746ad0ac-8aea-468c-8bda-a89b87bef60c', '822a6696-ccb0-44c2-b351-3b353528750c', '4b63dd02-bb7a-4904-8cb5-d3efcd30bade', '2026-05-04T18:00:00+00:00', '2026-05-04T18:30:00+00:00', 40.0, 'completed', 'Consegue me atender hoje?', '2026-05-04T17:39:55.744538+00:00', '2026-05-04T18:28:21.91396+00:00', 'Cristiano Campos Ferreira', '5532991688360', 0, NULL, NULL, NULL, '2026-05-04T18:28:21.91396+00:00', NULL, NULL, true, 5.0, 'fixed', 5, 40, 40, 0, 0, 0, '56314174-1818-4884-9062-d8836ed3fcf1', false, false, false, false, 'request') ON CONFLICT DO NOTHING;
INSERT INTO public.appointments (id, company_id, client_id, professional_id, start_time, end_time, total_price, status, notes, created_at, updated_at, client_name, client_whatsapp, delay_minutes, rescheduled_from_id, event_id, promotion_id, completed_at, delay_source_appointment_id, delay_applied_at, special_schedule, extra_fee, extra_fee_type, extra_fee_value, final_price, original_price, promotion_discount, cashback_used, manual_discount, user_id, whatsapp_confirmation_sent, whatsapp_reminder_sent, whatsapp_review_sent, whatsapp_reminder_1d_sent, booking_origin) VALUES ('b0b337d9-ac5d-4c25-b20a-b9620e7e9d8d', '746ad0ac-8aea-468c-8bda-a89b87bef60c', 'd1ee8cb2-fee3-497c-b806-69e4804996ed', '28ffc4f5-6e86-4a1d-8e7f-c50f08496b15', '2026-05-05T13:30:00+00:00', '2026-05-05T14:10:00+00:00', 50.0, 'completed', 'Agendamento manual', '2026-05-04T01:09:23.365429+00:00', '2026-05-05T17:06:09.596523+00:00', 'Eduardo Nogueira', '5532954411257', 0, NULL, NULL, NULL, '2026-05-05T17:06:09.596523+00:00', NULL, NULL, false, 0.0, NULL, 0, 50, 50, 0, 0, 0, '56314174-1818-4884-9062-d8836ed3fcf1', false, false, false, false, 'manual') ON CONFLICT DO NOTHING;
INSERT INTO public.appointments (id, company_id, client_id, professional_id, start_time, end_time, total_price, status, notes, created_at, updated_at, client_name, client_whatsapp, delay_minutes, rescheduled_from_id, event_id, promotion_id, completed_at, delay_source_appointment_id, delay_applied_at, special_schedule, extra_fee, extra_fee_type, extra_fee_value, final_price, original_price, promotion_discount, cashback_used, manual_discount, user_id, whatsapp_confirmation_sent, whatsapp_reminder_sent, whatsapp_review_sent, whatsapp_reminder_1d_sent, booking_origin) VALUES ('83691bcc-07fb-4401-bdf3-834a3e1a8122', 'ba00be4b-a872-4d08-880a-a5033b40ed3f', 'a84ce3fd-c4c9-44b6-9622-b354d45edf68', '83b47116-366a-43f6-9dc5-0667a7cad652', '2026-05-08T14:10:00+00:00', '2026-05-08T14:30:00+00:00', 21.25, 'confirmed', NULL, '2026-05-07T15:08:05.23409+00:00', '2026-05-07T15:08:05.23409+00:00', 'Nathalia Martins', '5532988564025', 0, NULL, NULL, 'e00c7bf9-c116-4ced-8b15-65befeab031b', NULL, NULL, NULL, false, 0.0, NULL, 0, 21.25, 21.25, 0, 0, 0, '02503cd1-f80f-4e21-9f92-504abb674d7c', false, false, false, false, 'public_booking') ON CONFLICT DO NOTHING;
INSERT INTO public.appointments (id, company_id, client_id, professional_id, start_time, end_time, total_price, status, notes, created_at, updated_at, client_name, client_whatsapp, delay_minutes, rescheduled_from_id, event_id, promotion_id, completed_at, delay_source_appointment_id, delay_applied_at, special_schedule, extra_fee, extra_fee_type, extra_fee_value, final_price, original_price, promotion_discount, cashback_used, manual_discount, user_id, whatsapp_confirmation_sent, whatsapp_reminder_sent, whatsapp_review_sent, whatsapp_reminder_1d_sent, booking_origin) VALUES ('5131596f-2bd9-4780-9582-e8ae5734ba41', 'ba00be4b-a872-4d08-880a-a5033b40ed3f', 'a84ce3fd-c4c9-44b6-9622-b354d45edf68', '83b47116-366a-43f6-9dc5-0667a7cad652', '2026-05-08T16:20:00+00:00', '2026-05-08T16:40:00+00:00', 22.5, 'confirmed', NULL, '2026-05-07T15:20:42.82641+00:00', '2026-05-07T15:20:42.82641+00:00', 'Nathalia Martins', '5532988564025', 0, NULL, NULL, '7ead7ac0-e640-40c3-bc43-72c89846664e', NULL, NULL, NULL, false, 0.0, NULL, 0, 22.5, 22.5, 0, 0, 0, '02503cd1-f80f-4e21-9f92-504abb674d7c', false, false, false, false, 'public_booking') ON CONFLICT DO NOTHING;
INSERT INTO public.appointments (id, company_id, client_id, professional_id, start_time, end_time, total_price, status, notes, created_at, updated_at, client_name, client_whatsapp, delay_minutes, rescheduled_from_id, event_id, promotion_id, completed_at, delay_source_appointment_id, delay_applied_at, special_schedule, extra_fee, extra_fee_type, extra_fee_value, final_price, original_price, promotion_discount, cashback_used, manual_discount, user_id, whatsapp_confirmation_sent, whatsapp_reminder_sent, whatsapp_review_sent, whatsapp_reminder_1d_sent, booking_origin) VALUES ('d051f380-2231-4a07-b804-74c4b628d443', 'ba00be4b-a872-4d08-880a-a5033b40ed3f', 'a84ce3fd-c4c9-44b6-9622-b354d45edf68', '83b47116-366a-43f6-9dc5-0667a7cad652', '2026-05-08T14:30:00+00:00', '2026-05-08T14:50:00+00:00', 22.5, 'confirmed', NULL, '2026-05-07T17:30:51.290907+00:00', '2026-05-07T17:30:51.290907+00:00', 'Nathalia Martins', '5532988564025', 0, NULL, NULL, '7ead7ac0-e640-40c3-bc43-72c89846664e', NULL, NULL, NULL, false, 0.0, NULL, 0, 22.5, 22.5, 0, 0, 0, '02503cd1-f80f-4e21-9f92-504abb674d7c', false, false, false, false, 'public_booking') ON CONFLICT DO NOTHING;
INSERT INTO public.appointments (id, company_id, client_id, professional_id, start_time, end_time, total_price, status, notes, created_at, updated_at, client_name, client_whatsapp, delay_minutes, rescheduled_from_id, event_id, promotion_id, completed_at, delay_source_appointment_id, delay_applied_at, special_schedule, extra_fee, extra_fee_type, extra_fee_value, final_price, original_price, promotion_discount, cashback_used, manual_discount, user_id, whatsapp_confirmation_sent, whatsapp_reminder_sent, whatsapp_review_sent, whatsapp_reminder_1d_sent, booking_origin) VALUES ('df9f327b-0f61-416e-890f-aed063b6b907', '746ad0ac-8aea-468c-8bda-a89b87bef60c', '822a6696-ccb0-44c2-b351-3b353528750c', '4b63dd02-bb7a-4904-8cb5-d3efcd30bade', '2026-05-06T13:40:00+00:00', '2026-05-06T14:10:00+00:00', 35.0, 'rescheduled', NULL, '2026-05-05T19:17:04.346227+00:00', '2026-05-05T21:23:34.15429+00:00', 'Cristiano Campos Ferreira', '5532991688360', 0, NULL, NULL, NULL, NULL, NULL, NULL, false, 0.0, NULL, 0, 35, 35, 0, 0, 0, '126c9b6d-ff93-4488-8113-a2cfee6f03fe', false, false, false, false, 'public_booking') ON CONFLICT DO NOTHING;
INSERT INTO public.appointments (id, company_id, client_id, professional_id, start_time, end_time, total_price, status, notes, created_at, updated_at, client_name, client_whatsapp, delay_minutes, rescheduled_from_id, event_id, promotion_id, completed_at, delay_source_appointment_id, delay_applied_at, special_schedule, extra_fee, extra_fee_type, extra_fee_value, final_price, original_price, promotion_discount, cashback_used, manual_discount, user_id, whatsapp_confirmation_sent, whatsapp_reminder_sent, whatsapp_review_sent, whatsapp_reminder_1d_sent, booking_origin) VALUES ('15869882-b884-4bc1-bb94-144983ef9632', '746ad0ac-8aea-468c-8bda-a89b87bef60c', '822a6696-ccb0-44c2-b351-3b353528750c', '4b63dd02-bb7a-4904-8cb5-d3efcd30bade', '2026-05-05T19:40:00+00:00', '2026-05-05T20:10:00+00:00', 35.0, 'completed', NULL, '2026-05-05T19:18:01.229511+00:00', '2026-05-05T21:26:24.772295+00:00', 'Cristiano Campos Ferreira', '5532991688360', 0, NULL, NULL, NULL, '2026-05-05T21:26:24.772295+00:00', NULL, NULL, false, 0.0, NULL, 0, 30, 35, 0, 0, 5, '126c9b6d-ff93-4488-8113-a2cfee6f03fe', false, false, false, false, 'public_booking') ON CONFLICT DO NOTHING;
INSERT INTO public.appointments (id, company_id, client_id, professional_id, start_time, end_time, total_price, status, notes, created_at, updated_at, client_name, client_whatsapp, delay_minutes, rescheduled_from_id, event_id, promotion_id, completed_at, delay_source_appointment_id, delay_applied_at, special_schedule, extra_fee, extra_fee_type, extra_fee_value, final_price, original_price, promotion_discount, cashback_used, manual_discount, user_id, whatsapp_confirmation_sent, whatsapp_reminder_sent, whatsapp_review_sent, whatsapp_reminder_1d_sent, booking_origin) VALUES ('b144c21a-30f3-41c4-a080-9ec77971bec3', 'ba00be4b-a872-4d08-880a-a5033b40ed3f', 'a84ce3fd-c4c9-44b6-9622-b354d45edf68', '83b47116-366a-43f6-9dc5-0667a7cad652', '2026-05-08T17:20:00+00:00', '2026-05-08T17:40:00+00:00', 22.5, 'confirmed', NULL, '2026-05-07T18:38:07.469675+00:00', '2026-05-07T18:38:07.469675+00:00', 'Nathalia Martins', '5532988564025', 0, NULL, NULL, '7ead7ac0-e640-40c3-bc43-72c89846664e', NULL, NULL, NULL, false, 0.0, NULL, 0, 22.5, 22.5, 0, 0, 0, '02503cd1-f80f-4e21-9f92-504abb674d7c', false, false, false, false, 'public_booking') ON CONFLICT DO NOTHING;
INSERT INTO public.appointments (id, company_id, client_id, professional_id, start_time, end_time, total_price, status, notes, created_at, updated_at, client_name, client_whatsapp, delay_minutes, rescheduled_from_id, event_id, promotion_id, completed_at, delay_source_appointment_id, delay_applied_at, special_schedule, extra_fee, extra_fee_type, extra_fee_value, final_price, original_price, promotion_discount, cashback_used, manual_discount, user_id, whatsapp_confirmation_sent, whatsapp_reminder_sent, whatsapp_review_sent, whatsapp_reminder_1d_sent, booking_origin) VALUES ('7be2cbf2-c026-4c32-be2d-e8b0319b9a28', 'ba00be4b-a872-4d08-880a-a5033b40ed3f', 'a84ce3fd-c4c9-44b6-9622-b354d45edf68', '83b47116-366a-43f6-9dc5-0667a7cad652', '2026-05-06T16:00:00+00:00', '2026-05-06T16:30:00+00:00', 35.0, 'confirmed', NULL, '2026-05-06T12:05:30.172551+00:00', '2026-05-06T12:05:30.172551+00:00', 'Nathalia Martins', '5532988564025', 0, NULL, NULL, NULL, NULL, NULL, NULL, false, 0.0, NULL, 0, 35, 35, 0, 0, 0, '02503cd1-f80f-4e21-9f92-504abb674d7c', false, false, false, false, 'public_booking') ON CONFLICT DO NOTHING;
INSERT INTO public.appointments (id, company_id, client_id, professional_id, start_time, end_time, total_price, status, notes, created_at, updated_at, client_name, client_whatsapp, delay_minutes, rescheduled_from_id, event_id, promotion_id, completed_at, delay_source_appointment_id, delay_applied_at, special_schedule, extra_fee, extra_fee_type, extra_fee_value, final_price, original_price, promotion_discount, cashback_used, manual_discount, user_id, whatsapp_confirmation_sent, whatsapp_reminder_sent, whatsapp_review_sent, whatsapp_reminder_1d_sent, booking_origin) VALUES ('262717d1-cc23-4ab4-a1b7-7e75f86306bd', 'ba00be4b-a872-4d08-880a-a5033b40ed3f', 'a84ce3fd-c4c9-44b6-9622-b354d45edf68', '83b47116-366a-43f6-9dc5-0667a7cad652', '2026-05-06T07:00:00+00:00', '2026-05-06T07:20:00+00:00', 25.0, 'completed', NULL, '2026-05-04T15:53:40.56555+00:00', '2026-05-06T12:10:10.999831+00:00', 'Nathalia Martins', '5532988564025', 0, NULL, NULL, NULL, '2026-05-06T12:10:10.999831+00:00', NULL, NULL, false, 0.0, NULL, NULL, 25, 25, 0, 0, 0, '02503cd1-f80f-4e21-9f92-504abb674d7c', false, false, false, false, 'request') ON CONFLICT DO NOTHING;
INSERT INTO public.appointments (id, company_id, client_id, professional_id, start_time, end_time, total_price, status, notes, created_at, updated_at, client_name, client_whatsapp, delay_minutes, rescheduled_from_id, event_id, promotion_id, completed_at, delay_source_appointment_id, delay_applied_at, special_schedule, extra_fee, extra_fee_type, extra_fee_value, final_price, original_price, promotion_discount, cashback_used, manual_discount, user_id, whatsapp_confirmation_sent, whatsapp_reminder_sent, whatsapp_review_sent, whatsapp_reminder_1d_sent, booking_origin) VALUES ('30d4d06f-c166-4d84-921b-ebc6ed0f176d', 'ba00be4b-a872-4d08-880a-a5033b40ed3f', 'a84ce3fd-c4c9-44b6-9622-b354d45edf68', '83b47116-366a-43f6-9dc5-0667a7cad652', '2026-05-06T14:06:00+00:00', '2026-05-06T14:36:00+00:00', 35.0, 'confirmed', NULL, '2026-05-06T13:46:53.617342+00:00', '2026-05-06T13:46:53.617342+00:00', 'Nathalia Martins', '5532988564025', 0, NULL, NULL, '7ead7ac0-e640-40c3-bc43-72c89846664e', NULL, NULL, NULL, false, 0.0, NULL, 0, 35, 35, 0, 0, 0, '02503cd1-f80f-4e21-9f92-504abb674d7c', false, false, false, false, 'public_booking') ON CONFLICT DO NOTHING;
INSERT INTO public.appointments (id, company_id, client_id, professional_id, start_time, end_time, total_price, status, notes, created_at, updated_at, client_name, client_whatsapp, delay_minutes, rescheduled_from_id, event_id, promotion_id, completed_at, delay_source_appointment_id, delay_applied_at, special_schedule, extra_fee, extra_fee_type, extra_fee_value, final_price, original_price, promotion_discount, cashback_used, manual_discount, user_id, whatsapp_confirmation_sent, whatsapp_reminder_sent, whatsapp_review_sent, whatsapp_reminder_1d_sent, booking_origin) VALUES ('d4ab6e8c-7848-4165-add4-8949f1139f1a', 'ba00be4b-a872-4d08-880a-a5033b40ed3f', 'a84ce3fd-c4c9-44b6-9622-b354d45edf68', '83b47116-366a-43f6-9dc5-0667a7cad652', '2026-05-06T12:00:00+00:00', '2026-05-06T12:30:00+00:00', 35.0, 'completed', NULL, '2026-05-05T20:56:18.784651+00:00', '2026-05-06T13:47:24.870575+00:00', 'Nathalia Martins', '5532988564025', 0, NULL, NULL, NULL, '2026-05-06T13:47:24.870575+00:00', NULL, NULL, false, 0.0, NULL, 0, 35, 35, 0, 0, 0, '02503cd1-f80f-4e21-9f92-504abb674d7c', false, false, false, false, 'public_booking') ON CONFLICT DO NOTHING;
INSERT INTO public.appointments (id, company_id, client_id, professional_id, start_time, end_time, total_price, status, notes, created_at, updated_at, client_name, client_whatsapp, delay_minutes, rescheduled_from_id, event_id, promotion_id, completed_at, delay_source_appointment_id, delay_applied_at, special_schedule, extra_fee, extra_fee_type, extra_fee_value, final_price, original_price, promotion_discount, cashback_used, manual_discount, user_id, whatsapp_confirmation_sent, whatsapp_reminder_sent, whatsapp_review_sent, whatsapp_reminder_1d_sent, booking_origin) VALUES ('d35c9a81-5003-4fbb-96e8-1f3c7dbdcd94', 'ba00be4b-a872-4d08-880a-a5033b40ed3f', 'a84ce3fd-c4c9-44b6-9622-b354d45edf68', '83b47116-366a-43f6-9dc5-0667a7cad652', '2026-05-08T17:00:00+00:00', '2026-05-08T17:20:00+00:00', 22.5, 'confirmed', NULL, '2026-05-07T18:38:37.30801+00:00', '2026-05-07T18:38:37.30801+00:00', 'Nathalia Martins', '5532988564025', 0, NULL, NULL, '7ead7ac0-e640-40c3-bc43-72c89846664e', NULL, NULL, NULL, false, 0.0, NULL, 0, 22.5, 22.5, 0, 0, 0, '02503cd1-f80f-4e21-9f92-504abb674d7c', false, false, false, false, 'public_booking') ON CONFLICT DO NOTHING;
INSERT INTO public.appointments (id, company_id, client_id, professional_id, start_time, end_time, total_price, status, notes, created_at, updated_at, client_name, client_whatsapp, delay_minutes, rescheduled_from_id, event_id, promotion_id, completed_at, delay_source_appointment_id, delay_applied_at, special_schedule, extra_fee, extra_fee_type, extra_fee_value, final_price, original_price, promotion_discount, cashback_used, manual_discount, user_id, whatsapp_confirmation_sent, whatsapp_reminder_sent, whatsapp_review_sent, whatsapp_reminder_1d_sent, booking_origin) VALUES ('0de25bec-774f-43b2-90ab-7c3141b267f8', 'ba00be4b-a872-4d08-880a-a5033b40ed3f', 'a84ce3fd-c4c9-44b6-9622-b354d45edf68', '83b47116-366a-43f6-9dc5-0667a7cad652', '2026-05-08T16:40:00+00:00', '2026-05-08T17:00:00+00:00', 22.5, 'confirmed', NULL, '2026-05-07T18:49:23.68698+00:00', '2026-05-07T18:49:23.68698+00:00', 'Nathalia Martins', '5532988564025', 0, NULL, NULL, '7ead7ac0-e640-40c3-bc43-72c89846664e', NULL, NULL, NULL, false, 0.0, NULL, 0, 22.5, 22.5, 0, 0, 0, '02503cd1-f80f-4e21-9f92-504abb674d7c', false, false, false, false, 'public_booking') ON CONFLICT DO NOTHING;
INSERT INTO public.appointments (id, company_id, client_id, professional_id, start_time, end_time, total_price, status, notes, created_at, updated_at, client_name, client_whatsapp, delay_minutes, rescheduled_from_id, event_id, promotion_id, completed_at, delay_source_appointment_id, delay_applied_at, special_schedule, extra_fee, extra_fee_type, extra_fee_value, final_price, original_price, promotion_discount, cashback_used, manual_discount, user_id, whatsapp_confirmation_sent, whatsapp_reminder_sent, whatsapp_review_sent, whatsapp_reminder_1d_sent, booking_origin) VALUES ('349d173b-566b-4412-a391-62ab49e65a91', 'ba00be4b-a872-4d08-880a-a5033b40ed3f', 'a84ce3fd-c4c9-44b6-9622-b354d45edf68', '83b47116-366a-43f6-9dc5-0667a7cad652', '2026-05-08T13:30:00+00:00', '2026-05-08T13:50:00+00:00', 22.5, 'confirmed', NULL, '2026-05-07T19:33:36.726755+00:00', '2026-05-07T19:33:36.726755+00:00', 'Nathalia Martins', '5532988564025', 0, NULL, NULL, '7ead7ac0-e640-40c3-bc43-72c89846664e', NULL, NULL, NULL, false, 0.0, NULL, 0, 22.5, 22.5, 0, 0, 0, '02503cd1-f80f-4e21-9f92-504abb674d7c', false, false, false, false, 'public_booking') ON CONFLICT DO NOTHING;
INSERT INTO public.appointments (id, company_id, client_id, professional_id, start_time, end_time, total_price, status, notes, created_at, updated_at, client_name, client_whatsapp, delay_minutes, rescheduled_from_id, event_id, promotion_id, completed_at, delay_source_appointment_id, delay_applied_at, special_schedule, extra_fee, extra_fee_type, extra_fee_value, final_price, original_price, promotion_discount, cashback_used, manual_discount, user_id, whatsapp_confirmation_sent, whatsapp_reminder_sent, whatsapp_review_sent, whatsapp_reminder_1d_sent, booking_origin) VALUES ('a993ff76-7381-45e9-af19-4c4209a2d6f4', 'ba00be4b-a872-4d08-880a-a5033b40ed3f', 'a84ce3fd-c4c9-44b6-9622-b354d45edf68', '83b47116-366a-43f6-9dc5-0667a7cad652', '2026-05-08T18:20:00+00:00', '2026-05-08T18:40:00+00:00', 22.5, 'confirmed', NULL, '2026-05-07T20:05:24.1905+00:00', '2026-05-07T20:05:24.1905+00:00', 'Nathalia Martins', '5532988564025', 0, NULL, NULL, '7ead7ac0-e640-40c3-bc43-72c89846664e', NULL, NULL, NULL, false, 0.0, NULL, 0, 22.5, 22.5, 0, 0, 0, '02503cd1-f80f-4e21-9f92-504abb674d7c', false, false, false, false, 'public_booking') ON CONFLICT DO NOTHING;
INSERT INTO public.appointments (id, company_id, client_id, professional_id, start_time, end_time, total_price, status, notes, created_at, updated_at, client_name, client_whatsapp, delay_minutes, rescheduled_from_id, event_id, promotion_id, completed_at, delay_source_appointment_id, delay_applied_at, special_schedule, extra_fee, extra_fee_type, extra_fee_value, final_price, original_price, promotion_discount, cashback_used, manual_discount, user_id, whatsapp_confirmation_sent, whatsapp_reminder_sent, whatsapp_review_sent, whatsapp_reminder_1d_sent, booking_origin) VALUES ('8cd5fff0-e04a-4d62-9f27-fd87949dca9e', 'ba00be4b-a872-4d08-880a-a5033b40ed3f', 'a84ce3fd-c4c9-44b6-9622-b354d45edf68', '83b47116-366a-43f6-9dc5-0667a7cad652', '2026-05-08T19:40:00+00:00', '2026-05-08T20:10:00+00:00', 36.0, 'confirmed', NULL, '2026-05-08T00:51:29.46728+00:00', '2026-05-08T00:51:29.46728+00:00', 'Nathalia Martins', '5532988564025', 0, NULL, NULL, '7ead7ac0-e640-40c3-bc43-72c89846664e', NULL, NULL, NULL, false, 0.0, NULL, 0, 36, 36, 0, 0, 0, '02503cd1-f80f-4e21-9f92-504abb674d7c', false, false, false, false, 'public_booking') ON CONFLICT DO NOTHING;
INSERT INTO public.appointments (id, company_id, client_id, professional_id, start_time, end_time, total_price, status, notes, created_at, updated_at, client_name, client_whatsapp, delay_minutes, rescheduled_from_id, event_id, promotion_id, completed_at, delay_source_appointment_id, delay_applied_at, special_schedule, extra_fee, extra_fee_type, extra_fee_value, final_price, original_price, promotion_discount, cashback_used, manual_discount, user_id, whatsapp_confirmation_sent, whatsapp_reminder_sent, whatsapp_review_sent, whatsapp_reminder_1d_sent, booking_origin) VALUES ('b6a1717c-2bd5-4dcc-91f4-2f8ac3ef7012', '746ad0ac-8aea-468c-8bda-a89b87bef60c', 'd1ee8cb2-fee3-497c-b806-69e4804996ed', '4b63dd02-bb7a-4904-8cb5-d3efcd30bade', '2026-05-08T19:45:00+00:00', '2026-05-08T20:15:00+00:00', 0.0, 'completed', 'Agendamento com benefício de assinatura: Plano Ouro Ilimitado', '2026-05-08T01:16:41.996983+00:00', '2026-05-08T20:18:20.498192+00:00', 'Eduardo Nogueira', '5532954411257', 5, NULL, NULL, NULL, '2026-05-08T20:18:20.498192+00:00', 'a7c68e04-468a-4371-8756-7adb5402d783', '2026-05-08T18:23:08.991099+00:00', false, 0.0, NULL, 0, 0, 0, 0, 0, 0, '56314174-1818-4884-9062-d8836ed3fcf1', false, false, false, false, 'manual') ON CONFLICT DO NOTHING;
INSERT INTO public.appointments (id, company_id, client_id, professional_id, start_time, end_time, total_price, status, notes, created_at, updated_at, client_name, client_whatsapp, delay_minutes, rescheduled_from_id, event_id, promotion_id, completed_at, delay_source_appointment_id, delay_applied_at, special_schedule, extra_fee, extra_fee_type, extra_fee_value, final_price, original_price, promotion_discount, cashback_used, manual_discount, user_id, whatsapp_confirmation_sent, whatsapp_reminder_sent, whatsapp_review_sent, whatsapp_reminder_1d_sent, booking_origin) VALUES ('8847b51f-2dc0-4b2e-859f-2fa87115ac21', '746ad0ac-8aea-468c-8bda-a89b87bef60c', '822a6696-ccb0-44c2-b351-3b353528750c', '4b63dd02-bb7a-4904-8cb5-d3efcd30bade', '2026-05-06T14:20:00+00:00', '2026-05-06T14:50:00+00:00', 35.0, 'completed', NULL, '2026-05-05T21:23:34.15429+00:00', '2026-05-08T20:40:17.612431+00:00', 'Cristiano Campos Ferreira', '5532991688360', 0, 'df9f327b-0f61-416e-890f-aed063b6b907', NULL, NULL, '2026-05-08T20:40:17.612431+00:00', NULL, NULL, false, 0.0, NULL, NULL, 35, 35, 0, 0, 0, '126c9b6d-ff93-4488-8113-a2cfee6f03fe', false, false, false, false, 'regular') ON CONFLICT DO NOTHING;
INSERT INTO public.appointments (id, company_id, client_id, professional_id, start_time, end_time, total_price, status, notes, created_at, updated_at, client_name, client_whatsapp, delay_minutes, rescheduled_from_id, event_id, promotion_id, completed_at, delay_source_appointment_id, delay_applied_at, special_schedule, extra_fee, extra_fee_type, extra_fee_value, final_price, original_price, promotion_discount, cashback_used, manual_discount, user_id, whatsapp_confirmation_sent, whatsapp_reminder_sent, whatsapp_review_sent, whatsapp_reminder_1d_sent, booking_origin) VALUES ('08fc5af1-798e-415a-9c3e-6676e2d8dd05', '746ad0ac-8aea-468c-8bda-a89b87bef60c', 'd1ee8cb2-fee3-497c-b806-69e4804996ed', '4b63dd02-bb7a-4904-8cb5-d3efcd30bade', '2026-05-06T17:30:00+00:00', '2026-05-06T17:50:00+00:00', 25.0, 'completed', 'Agendamento manual', '2026-05-06T12:02:36.236267+00:00', '2026-05-08T20:40:31.128164+00:00', 'Eduardo Nogueira', '5532954411257', 20, NULL, NULL, NULL, '2026-05-08T20:40:31.128164+00:00', '953fb6c9-ce78-42d7-8900-1f1746a5007f', '2026-05-06T12:02:54.186436+00:00', false, 0.0, NULL, 0, 25, 25, 0, 0, 0, '56314174-1818-4884-9062-d8836ed3fcf1', false, false, false, false, 'manual') ON CONFLICT DO NOTHING;
INSERT INTO public.appointments (id, company_id, client_id, professional_id, start_time, end_time, total_price, status, notes, created_at, updated_at, client_name, client_whatsapp, delay_minutes, rescheduled_from_id, event_id, promotion_id, completed_at, delay_source_appointment_id, delay_applied_at, special_schedule, extra_fee, extra_fee_type, extra_fee_value, final_price, original_price, promotion_discount, cashback_used, manual_discount, user_id, whatsapp_confirmation_sent, whatsapp_reminder_sent, whatsapp_review_sent, whatsapp_reminder_1d_sent, booking_origin) VALUES ('8ccf4522-351f-4f50-9ca0-00bf18c3b45c', 'ba00be4b-a872-4d08-880a-a5033b40ed3f', 'a84ce3fd-c4c9-44b6-9622-b354d45edf68', '83b47116-366a-43f6-9dc5-0667a7cad652', '2026-05-08T12:00:00+00:00', '2026-05-08T12:20:00+00:00', 22.5, 'completed', NULL, '2026-05-07T19:32:08.414963+00:00', '2026-05-09T20:37:26.449207+00:00', 'Nathalia Martins', '5532988564025', 0, NULL, NULL, '7ead7ac0-e640-40c3-bc43-72c89846664e', '2026-05-09T20:37:26.449207+00:00', NULL, NULL, false, 0.0, NULL, 0, 22.5, 22.5, 0, 0, 0, '02503cd1-f80f-4e21-9f92-504abb674d7c', false, false, false, false, 'public_booking') ON CONFLICT DO NOTHING;
INSERT INTO public.appointments (id, company_id, client_id, professional_id, start_time, end_time, total_price, status, notes, created_at, updated_at, client_name, client_whatsapp, delay_minutes, rescheduled_from_id, event_id, promotion_id, completed_at, delay_source_appointment_id, delay_applied_at, special_schedule, extra_fee, extra_fee_type, extra_fee_value, final_price, original_price, promotion_discount, cashback_used, manual_discount, user_id, whatsapp_confirmation_sent, whatsapp_reminder_sent, whatsapp_review_sent, whatsapp_reminder_1d_sent, booking_origin) VALUES ('4cf488f3-13ce-4f08-93e5-daab1aa65592', '746ad0ac-8aea-468c-8bda-a89b87bef60c', '822a6696-ccb0-44c2-b351-3b353528750c', 'c9786e20-7eab-4c2b-a313-b1bac681da0f', '2026-05-06T20:00:00+00:00', '2026-05-06T20:20:00+00:00', 25.0, 'cancelled', 'Agendamento manual', '2026-05-04T16:44:45.37949+00:00', '2026-05-09T21:21:01.528133+00:00', 'Cristiano Ferreira', '5532991688360', 0, 'bc07164f-2a64-47ed-aaff-c0d4e3ae0005', NULL, NULL, NULL, NULL, NULL, false, 0.0, NULL, NULL, 25.0, 0, 0, 0, 0, '126c9b6d-ff93-4488-8113-a2cfee6f03fe', false, false, false, false, 'regular') ON CONFLICT DO NOTHING;
INSERT INTO public.appointments (id, company_id, client_id, professional_id, start_time, end_time, total_price, status, notes, created_at, updated_at, client_name, client_whatsapp, delay_minutes, rescheduled_from_id, event_id, promotion_id, completed_at, delay_source_appointment_id, delay_applied_at, special_schedule, extra_fee, extra_fee_type, extra_fee_value, final_price, original_price, promotion_discount, cashback_used, manual_discount, user_id, whatsapp_confirmation_sent, whatsapp_reminder_sent, whatsapp_review_sent, whatsapp_reminder_1d_sent, booking_origin) VALUES ('d13211d7-5783-4e9e-b7ee-f2d183096c50', '746ad0ac-8aea-468c-8bda-a89b87bef60c', '822a6696-ccb0-44c2-b351-3b353528750c', '4b63dd02-bb7a-4904-8cb5-d3efcd30bade', '2026-05-26T12:40:00+00:00', '2026-05-26T13:00:00+00:00', 21.25, 'cancelled', NULL, '2026-05-01T19:56:07.060053+00:00', '2026-05-09T21:21:01.528133+00:00', 'Cristiano Campos Ferreira', '5532991688360', 0, NULL, NULL, NULL, NULL, NULL, NULL, false, 0.0, NULL, NULL, 21.25, 0, 0, 0, 0, '126c9b6d-ff93-4488-8113-a2cfee6f03fe', false, false, false, false, 'public_booking') ON CONFLICT DO NOTHING;
INSERT INTO public.appointments (id, company_id, client_id, professional_id, start_time, end_time, total_price, status, notes, created_at, updated_at, client_name, client_whatsapp, delay_minutes, rescheduled_from_id, event_id, promotion_id, completed_at, delay_source_appointment_id, delay_applied_at, special_schedule, extra_fee, extra_fee_type, extra_fee_value, final_price, original_price, promotion_discount, cashback_used, manual_discount, user_id, whatsapp_confirmation_sent, whatsapp_reminder_sent, whatsapp_review_sent, whatsapp_reminder_1d_sent, booking_origin) VALUES ('230007af-d068-4eb6-bdbc-9f6d7ce1bb65', 'ba00be4b-a872-4d08-880a-a5033b40ed3f', 'a84ce3fd-c4c9-44b6-9622-b354d45edf68', '83b47116-366a-43f6-9dc5-0667a7cad652', '2026-05-08T20:30:00+00:00', '2026-05-08T21:00:00+00:00', 36.0, 'confirmed', NULL, '2026-05-08T01:28:34.04795+00:00', '2026-05-08T01:28:34.04795+00:00', 'Nathalia Martins', '5532988564025', 0, NULL, NULL, '7ead7ac0-e640-40c3-bc43-72c89846664e', NULL, NULL, NULL, false, 0.0, NULL, 0, 36, 36, 0, 0, 0, '02503cd1-f80f-4e21-9f92-504abb674d7c', false, false, false, false, 'public_booking') ON CONFLICT DO NOTHING;
INSERT INTO public.appointments (id, company_id, client_id, professional_id, start_time, end_time, total_price, status, notes, created_at, updated_at, client_name, client_whatsapp, delay_minutes, rescheduled_from_id, event_id, promotion_id, completed_at, delay_source_appointment_id, delay_applied_at, special_schedule, extra_fee, extra_fee_type, extra_fee_value, final_price, original_price, promotion_discount, cashback_used, manual_discount, user_id, whatsapp_confirmation_sent, whatsapp_reminder_sent, whatsapp_review_sent, whatsapp_reminder_1d_sent, booking_origin) VALUES ('4ff9add4-8893-4517-a2b7-9ca0f2faf4a7', 'ba00be4b-a872-4d08-880a-a5033b40ed3f', 'a84ce3fd-c4c9-44b6-9622-b354d45edf68', '83b47116-366a-43f6-9dc5-0667a7cad652', '2026-05-08T17:40:00+00:00', '2026-05-08T18:10:00+00:00', 36.0, 'confirmed', NULL, '2026-05-08T02:00:53.173533+00:00', '2026-05-08T02:00:53.173533+00:00', 'Nathalia Martins', '5532988564025', 0, NULL, NULL, '7ead7ac0-e640-40c3-bc43-72c89846664e', NULL, NULL, NULL, false, 0.0, NULL, 0, 36, 36, 0, 0, 0, '02503cd1-f80f-4e21-9f92-504abb674d7c', false, false, false, false, 'public_booking') ON CONFLICT DO NOTHING;
INSERT INTO public.appointments (id, company_id, client_id, professional_id, start_time, end_time, total_price, status, notes, created_at, updated_at, client_name, client_whatsapp, delay_minutes, rescheduled_from_id, event_id, promotion_id, completed_at, delay_source_appointment_id, delay_applied_at, special_schedule, extra_fee, extra_fee_type, extra_fee_value, final_price, original_price, promotion_discount, cashback_used, manual_discount, user_id, whatsapp_confirmation_sent, whatsapp_reminder_sent, whatsapp_review_sent, whatsapp_reminder_1d_sent, booking_origin) VALUES ('59eb2bf4-0299-4592-b00a-90c3a547bd03', 'ba00be4b-a872-4d08-880a-a5033b40ed3f', 'a84ce3fd-c4c9-44b6-9622-b354d45edf68', '83b47116-366a-43f6-9dc5-0667a7cad652', '2026-05-08T18:40:00+00:00', '2026-05-08T19:40:00+00:00', 67.5, 'confirmed', NULL, '2026-05-08T12:58:13.551879+00:00', '2026-05-08T12:58:13.551879+00:00', 'Nathalia Martins', '5532988564025', 0, NULL, NULL, '7ead7ac0-e640-40c3-bc43-72c89846664e', NULL, NULL, NULL, false, 0.0, NULL, 0, 67.5, 67.5, 0, 0, 0, '02503cd1-f80f-4e21-9f92-504abb674d7c', false, false, false, false, 'public_booking') ON CONFLICT DO NOTHING;
INSERT INTO public.appointments (id, company_id, client_id, professional_id, start_time, end_time, total_price, status, notes, created_at, updated_at, client_name, client_whatsapp, delay_minutes, rescheduled_from_id, event_id, promotion_id, completed_at, delay_source_appointment_id, delay_applied_at, special_schedule, extra_fee, extra_fee_type, extra_fee_value, final_price, original_price, promotion_discount, cashback_used, manual_discount, user_id, whatsapp_confirmation_sent, whatsapp_reminder_sent, whatsapp_review_sent, whatsapp_reminder_1d_sent, booking_origin) VALUES ('bc5cdf1f-ccf2-40b9-927c-0812986f6733', 'ba00be4b-a872-4d08-880a-a5033b40ed3f', 'a84ce3fd-c4c9-44b6-9622-b354d45edf68', '83b47116-366a-43f6-9dc5-0667a7cad652', '2026-05-08T20:10:00+00:00', '2026-05-08T20:30:00+00:00', 22.5, 'confirmed', NULL, '2026-05-08T13:20:59.9599+00:00', '2026-05-08T13:20:59.9599+00:00', 'Nathalia Martins', '5532988564025', 0, NULL, NULL, '7ead7ac0-e640-40c3-bc43-72c89846664e', NULL, NULL, NULL, false, 0.0, NULL, 0, 22.5, 22.5, 0, 0, 0, '02503cd1-f80f-4e21-9f92-504abb674d7c', false, false, false, false, 'public_booking') ON CONFLICT DO NOTHING;
INSERT INTO public.appointments (id, company_id, client_id, professional_id, start_time, end_time, total_price, status, notes, created_at, updated_at, client_name, client_whatsapp, delay_minutes, rescheduled_from_id, event_id, promotion_id, completed_at, delay_source_appointment_id, delay_applied_at, special_schedule, extra_fee, extra_fee_type, extra_fee_value, final_price, original_price, promotion_discount, cashback_used, manual_discount, user_id, whatsapp_confirmation_sent, whatsapp_reminder_sent, whatsapp_review_sent, whatsapp_reminder_1d_sent, booking_origin) VALUES ('a9acfd01-ff71-4c9e-b239-d3c142305ebb', 'ba00be4b-a872-4d08-880a-a5033b40ed3f', 'a84ce3fd-c4c9-44b6-9622-b354d45edf68', '83b47116-366a-43f6-9dc5-0667a7cad652', '2026-05-11T12:00:00+00:00', '2026-05-11T12:20:00+00:00', 22.5, 'confirmed', NULL, '2026-05-08T13:31:08.07796+00:00', '2026-05-08T13:31:08.07796+00:00', 'Nathalia Martins', '5532988564025', 0, NULL, NULL, '7ead7ac0-e640-40c3-bc43-72c89846664e', NULL, NULL, NULL, false, 0.0, NULL, 0, 22.5, 22.5, 0, 0, 0, '02503cd1-f80f-4e21-9f92-504abb674d7c', false, false, false, false, 'public_booking') ON CONFLICT DO NOTHING;
INSERT INTO public.appointments (id, company_id, client_id, professional_id, start_time, end_time, total_price, status, notes, created_at, updated_at, client_name, client_whatsapp, delay_minutes, rescheduled_from_id, event_id, promotion_id, completed_at, delay_source_appointment_id, delay_applied_at, special_schedule, extra_fee, extra_fee_type, extra_fee_value, final_price, original_price, promotion_discount, cashback_used, manual_discount, user_id, whatsapp_confirmation_sent, whatsapp_reminder_sent, whatsapp_review_sent, whatsapp_reminder_1d_sent, booking_origin) VALUES ('cb97edf0-fe57-4501-a42b-74d286adfc26', 'ba00be4b-a872-4d08-880a-a5033b40ed3f', 'a84ce3fd-c4c9-44b6-9622-b354d45edf68', '83b47116-366a-43f6-9dc5-0667a7cad652', '2026-05-11T12:40:00+00:00', '2026-05-11T13:00:00+00:00', 22.5, 'confirmed', NULL, '2026-05-08T14:31:09.144226+00:00', '2026-05-08T14:31:09.144226+00:00', 'Nathalia Martins', '5532988564025', 0, NULL, NULL, '7ead7ac0-e640-40c3-bc43-72c89846664e', NULL, NULL, NULL, false, 0.0, NULL, 0, 22.5, 22.5, 0, 0, 0, '02503cd1-f80f-4e21-9f92-504abb674d7c', false, false, false, false, 'public_booking') ON CONFLICT DO NOTHING;
INSERT INTO public.appointments (id, company_id, client_id, professional_id, start_time, end_time, total_price, status, notes, created_at, updated_at, client_name, client_whatsapp, delay_minutes, rescheduled_from_id, event_id, promotion_id, completed_at, delay_source_appointment_id, delay_applied_at, special_schedule, extra_fee, extra_fee_type, extra_fee_value, final_price, original_price, promotion_discount, cashback_used, manual_discount, user_id, whatsapp_confirmation_sent, whatsapp_reminder_sent, whatsapp_review_sent, whatsapp_reminder_1d_sent, booking_origin) VALUES ('e9868743-2436-4836-b354-7705fa036112', 'ba00be4b-a872-4d08-880a-a5033b40ed3f', 'a84ce3fd-c4c9-44b6-9622-b354d45edf68', '83b47116-366a-43f6-9dc5-0667a7cad652', '2026-05-11T13:00:00+00:00', '2026-05-11T13:20:00+00:00', 25.0, 'confirmed', NULL, '2026-05-08T14:54:36.644323+00:00', '2026-05-08T14:54:36.644323+00:00', 'Nathalia Martins', '5532988564025', 0, NULL, NULL, 'e487745d-3705-4928-aefa-58c4360f0f9c', NULL, NULL, NULL, false, 0.0, NULL, 0, 25, 25, 0, 0, 0, '02503cd1-f80f-4e21-9f92-504abb674d7c', false, false, false, false, 'public_booking') ON CONFLICT DO NOTHING;
INSERT INTO public.appointments (id, company_id, client_id, professional_id, start_time, end_time, total_price, status, notes, created_at, updated_at, client_name, client_whatsapp, delay_minutes, rescheduled_from_id, event_id, promotion_id, completed_at, delay_source_appointment_id, delay_applied_at, special_schedule, extra_fee, extra_fee_type, extra_fee_value, final_price, original_price, promotion_discount, cashback_used, manual_discount, user_id, whatsapp_confirmation_sent, whatsapp_reminder_sent, whatsapp_review_sent, whatsapp_reminder_1d_sent, booking_origin) VALUES ('dcd8d37a-35a6-4104-acf9-660686450b40', '746ad0ac-8aea-468c-8bda-a89b87bef60c', '822a6696-ccb0-44c2-b351-3b353528750c', '4b63dd02-bb7a-4904-8cb5-d3efcd30bade', '2026-05-08T16:10:00+00:00', '2026-05-08T17:10:00+00:00', 75.0, 'completed', NULL, '2026-05-05T21:17:50.229621+00:00', '2026-05-08T18:22:22.22322+00:00', 'Cristiano Campos Ferreira', '5532991688360', 0, NULL, NULL, NULL, '2026-05-08T18:22:22.22322+00:00', NULL, NULL, false, 0.0, NULL, 0, 75, 75, 0, 0, 0, '126c9b6d-ff93-4488-8113-a2cfee6f03fe', false, false, false, false, 'public_booking') ON CONFLICT DO NOTHING;
INSERT INTO public.appointments (id, company_id, client_id, professional_id, start_time, end_time, total_price, status, notes, created_at, updated_at, client_name, client_whatsapp, delay_minutes, rescheduled_from_id, event_id, promotion_id, completed_at, delay_source_appointment_id, delay_applied_at, special_schedule, extra_fee, extra_fee_type, extra_fee_value, final_price, original_price, promotion_discount, cashback_used, manual_discount, user_id, whatsapp_confirmation_sent, whatsapp_reminder_sent, whatsapp_review_sent, whatsapp_reminder_1d_sent, booking_origin) VALUES ('d0307ccf-ff82-4f70-b206-f8cbab26a9a6', '746ad0ac-8aea-468c-8bda-a89b87bef60c', '822a6696-ccb0-44c2-b351-3b353528750c', '4b63dd02-bb7a-4904-8cb5-d3efcd30bade', '2026-05-08T17:57:00+00:00', '2026-05-08T18:22:00+00:00', 0.0, 'completed', 'Agendamento com benefício de assinatura: Plano Maquina Ouro', '2026-05-08T17:47:18.055557+00:00', '2026-05-08T18:22:38.225129+00:00', 'Cristiano Campos Ferreira', '5532991688360', 0, NULL, NULL, '3db9a5c7-177b-4af8-957c-271d0d2ebe5e', '2026-05-08T18:22:38.225129+00:00', NULL, NULL, false, 0.0, NULL, 0, 0, 0, 0, 0, 0, '126c9b6d-ff93-4488-8113-a2cfee6f03fe', false, false, false, false, 'public_booking') ON CONFLICT DO NOTHING;
INSERT INTO public.appointments (id, company_id, client_id, professional_id, start_time, end_time, total_price, status, notes, created_at, updated_at, client_name, client_whatsapp, delay_minutes, rescheduled_from_id, event_id, promotion_id, completed_at, delay_source_appointment_id, delay_applied_at, special_schedule, extra_fee, extra_fee_type, extra_fee_value, final_price, original_price, promotion_discount, cashback_used, manual_discount, user_id, whatsapp_confirmation_sent, whatsapp_reminder_sent, whatsapp_review_sent, whatsapp_reminder_1d_sent, booking_origin) VALUES ('35e3182b-245e-4ef6-9164-caec681e45ab', '746ad0ac-8aea-468c-8bda-a89b87bef60c', '822a6696-ccb0-44c2-b351-3b353528750c', '28ffc4f5-6e86-4a1d-8e7f-c50f08496b15', '2026-05-08T18:38:00+00:00', '2026-05-08T19:08:00+00:00', 29.75, 'cancelled', NULL, '2026-05-08T18:28:32.853969+00:00', '2026-05-08T18:30:18.181696+00:00', 'Cristiano Campos Ferreira', '5532991688360', 0, NULL, NULL, '3db9a5c7-177b-4af8-957c-271d0d2ebe5e', NULL, NULL, NULL, false, 0.0, NULL, 0, 29.75, 29.75, 0, 0, 0, '126c9b6d-ff93-4488-8113-a2cfee6f03fe', false, false, false, false, 'public_booking') ON CONFLICT DO NOTHING;
INSERT INTO public.appointments (id, company_id, client_id, professional_id, start_time, end_time, total_price, status, notes, created_at, updated_at, client_name, client_whatsapp, delay_minutes, rescheduled_from_id, event_id, promotion_id, completed_at, delay_source_appointment_id, delay_applied_at, special_schedule, extra_fee, extra_fee_type, extra_fee_value, final_price, original_price, promotion_discount, cashback_used, manual_discount, user_id, whatsapp_confirmation_sent, whatsapp_reminder_sent, whatsapp_review_sent, whatsapp_reminder_1d_sent, booking_origin) VALUES ('a7c68e04-468a-4371-8756-7adb5402d783', '746ad0ac-8aea-468c-8bda-a89b87bef60c', '822a6696-ccb0-44c2-b351-3b353528750c', '4b63dd02-bb7a-4904-8cb5-d3efcd30bade', '2026-05-08T18:55:00+00:00', '2026-05-08T19:20:00+00:00', 25.5, 'completed', NULL, '2026-05-08T01:28:46.797613+00:00', '2026-05-08T19:11:54.780215+00:00', 'Cristiano Campos Ferreira', '5532991688360', 5, NULL, NULL, '3db9a5c7-177b-4af8-957c-271d0d2ebe5e', '2026-05-08T19:11:48.020988+00:00', 'a7c68e04-468a-4371-8756-7adb5402d783', '2026-05-08T18:23:08.991099+00:00', false, 0.0, NULL, 0, 25.5, 25.5, 0, 0, 0, '126c9b6d-ff93-4488-8113-a2cfee6f03fe', false, false, false, false, 'public_booking') ON CONFLICT DO NOTHING;
INSERT INTO public.appointments (id, company_id, client_id, professional_id, start_time, end_time, total_price, status, notes, created_at, updated_at, client_name, client_whatsapp, delay_minutes, rescheduled_from_id, event_id, promotion_id, completed_at, delay_source_appointment_id, delay_applied_at, special_schedule, extra_fee, extra_fee_type, extra_fee_value, final_price, original_price, promotion_discount, cashback_used, manual_discount, user_id, whatsapp_confirmation_sent, whatsapp_reminder_sent, whatsapp_review_sent, whatsapp_reminder_1d_sent, booking_origin) VALUES ('5b9631ec-a52c-4040-9bc5-75884a50340e', '746ad0ac-8aea-468c-8bda-a89b87bef60c', '822a6696-ccb0-44c2-b351-3b353528750c', '28ffc4f5-6e86-4a1d-8e7f-c50f08496b15', '2026-05-08T19:08:00+00:00', '2026-05-08T19:28:00+00:00', 21.25, 'completed', NULL, '2026-05-08T18:28:56.246475+00:00', '2026-05-08T19:12:13.168796+00:00', 'Cristiano Campos Ferreira', '5532991688360', 0, NULL, NULL, '3db9a5c7-177b-4af8-957c-271d0d2ebe5e', '2026-05-08T19:12:13.168796+00:00', NULL, NULL, false, 0.0, NULL, 0, 21.25, 21.25, 0, 0, 0, '126c9b6d-ff93-4488-8113-a2cfee6f03fe', false, false, false, false, 'public_booking') ON CONFLICT DO NOTHING;
INSERT INTO public.appointments (id, company_id, client_id, professional_id, start_time, end_time, total_price, status, notes, created_at, updated_at, client_name, client_whatsapp, delay_minutes, rescheduled_from_id, event_id, promotion_id, completed_at, delay_source_appointment_id, delay_applied_at, special_schedule, extra_fee, extra_fee_type, extra_fee_value, final_price, original_price, promotion_discount, cashback_used, manual_discount, user_id, whatsapp_confirmation_sent, whatsapp_reminder_sent, whatsapp_review_sent, whatsapp_reminder_1d_sent, booking_origin) VALUES ('2fccfa2d-c877-4ba8-823d-6e61f986d19c', '746ad0ac-8aea-468c-8bda-a89b87bef60c', '822a6696-ccb0-44c2-b351-3b353528750c', '4b63dd02-bb7a-4904-8cb5-d3efcd30bade', '2026-05-08T19:20:00+00:00', '2026-05-08T19:40:00+00:00', 0.0, 'completed', 'Agendamento com benefício de assinatura: Plano prata', '2026-05-08T17:58:30.383386+00:00', '2026-05-08T19:32:10.45392+00:00', 'Cristiano Campos Ferreira', '5532991688360', 5, NULL, NULL, '3db9a5c7-177b-4af8-957c-271d0d2ebe5e', '2026-05-08T19:32:10.45392+00:00', 'a7c68e04-468a-4371-8756-7adb5402d783', '2026-05-08T18:23:08.991099+00:00', false, 0.0, NULL, 0, 0, 0, 0, 0, 0, '126c9b6d-ff93-4488-8113-a2cfee6f03fe', false, false, false, false, 'public_booking') ON CONFLICT DO NOTHING;
INSERT INTO public.appointments (id, company_id, client_id, professional_id, start_time, end_time, total_price, status, notes, created_at, updated_at, client_name, client_whatsapp, delay_minutes, rescheduled_from_id, event_id, promotion_id, completed_at, delay_source_appointment_id, delay_applied_at, special_schedule, extra_fee, extra_fee_type, extra_fee_value, final_price, original_price, promotion_discount, cashback_used, manual_discount, user_id, whatsapp_confirmation_sent, whatsapp_reminder_sent, whatsapp_review_sent, whatsapp_reminder_1d_sent, booking_origin) VALUES ('2fb9309d-07bc-4220-8edd-014576e25cb2', 'ba00be4b-a872-4d08-880a-a5033b40ed3f', 'a84ce3fd-c4c9-44b6-9622-b354d45edf68', '83b47116-366a-43f6-9dc5-0667a7cad652', '2026-05-11T18:20:00+00:00', '2026-05-11T18:40:00+00:00', 21.5, 'confirmed', NULL, '2026-05-08T19:34:31.931308+00:00', '2026-05-08T19:34:31.931308+00:00', 'Nathalia Martins', '5532988564025', 0, NULL, NULL, '7ead7ac0-e640-40c3-bc43-72c89846664e', NULL, NULL, NULL, false, 0.0, NULL, 0, 21.5, 21.5, 0, 0, 0, '02503cd1-f80f-4e21-9f92-504abb674d7c', false, false, false, false, 'public_booking') ON CONFLICT DO NOTHING;
INSERT INTO public.appointments (id, company_id, client_id, professional_id, start_time, end_time, total_price, status, notes, created_at, updated_at, client_name, client_whatsapp, delay_minutes, rescheduled_from_id, event_id, promotion_id, completed_at, delay_source_appointment_id, delay_applied_at, special_schedule, extra_fee, extra_fee_type, extra_fee_value, final_price, original_price, promotion_discount, cashback_used, manual_discount, user_id, whatsapp_confirmation_sent, whatsapp_reminder_sent, whatsapp_review_sent, whatsapp_reminder_1d_sent, booking_origin) VALUES ('5e8cb0de-ea20-4cb4-85d1-00dae7fb7bd8', '746ad0ac-8aea-468c-8bda-a89b87bef60c', '822a6696-ccb0-44c2-b351-3b353528750c', '28ffc4f5-6e86-4a1d-8e7f-c50f08496b15', '2026-05-08T19:28:00+00:00', '2026-05-08T20:38:00+00:00', 76.5, 'completed', NULL, '2026-05-08T18:29:35.869048+00:00', '2026-05-08T20:18:35.488601+00:00', 'Cristiano Campos Ferreira', '5532991688360', 0, NULL, NULL, '3db9a5c7-177b-4af8-957c-271d0d2ebe5e', '2026-05-08T20:18:35.488601+00:00', NULL, NULL, false, 0.0, NULL, 0, 76.5, 76.5, 0, 0, 0, '126c9b6d-ff93-4488-8113-a2cfee6f03fe', false, false, false, false, 'public_booking') ON CONFLICT DO NOTHING;
INSERT INTO public.appointments (id, company_id, client_id, professional_id, start_time, end_time, total_price, status, notes, created_at, updated_at, client_name, client_whatsapp, delay_minutes, rescheduled_from_id, event_id, promotion_id, completed_at, delay_source_appointment_id, delay_applied_at, special_schedule, extra_fee, extra_fee_type, extra_fee_value, final_price, original_price, promotion_discount, cashback_used, manual_discount, user_id, whatsapp_confirmation_sent, whatsapp_reminder_sent, whatsapp_review_sent, whatsapp_reminder_1d_sent, booking_origin) VALUES ('159a1cb6-22f5-4b07-81a3-c94423eee069', '746ad0ac-8aea-468c-8bda-a89b87bef60c', '822a6696-ccb0-44c2-b351-3b353528750c', '4b63dd02-bb7a-4904-8cb5-d3efcd30bade', '2026-05-09T14:55:00+00:00', '2026-05-09T15:55:00+00:00', 34.01, 'cancelled', NULL, '2026-05-08T20:24:07.204347+00:00', '2026-05-08T20:29:02.165203+00:00', 'Cristiano Campos Ferreira', '5532991688360', 0, NULL, NULL, '3db9a5c7-177b-4af8-957c-271d0d2ebe5e', NULL, NULL, NULL, false, 0.0, NULL, 0, 34.0125, 34.0125, 0, 0, 0, '126c9b6d-ff93-4488-8113-a2cfee6f03fe', false, false, false, false, 'public_booking') ON CONFLICT DO NOTHING;
INSERT INTO public.appointments (id, company_id, client_id, professional_id, start_time, end_time, total_price, status, notes, created_at, updated_at, client_name, client_whatsapp, delay_minutes, rescheduled_from_id, event_id, promotion_id, completed_at, delay_source_appointment_id, delay_applied_at, special_schedule, extra_fee, extra_fee_type, extra_fee_value, final_price, original_price, promotion_discount, cashback_used, manual_discount, user_id, whatsapp_confirmation_sent, whatsapp_reminder_sent, whatsapp_review_sent, whatsapp_reminder_1d_sent, booking_origin) VALUES ('24d58db3-00da-41bc-b83a-67707d5493ac', '746ad0ac-8aea-468c-8bda-a89b87bef60c', '822a6696-ccb0-44c2-b351-3b353528750c', '4b63dd02-bb7a-4904-8cb5-d3efcd30bade', '2026-05-08T20:15:00+00:00', '2026-05-08T21:05:00+00:00', 0.0, 'cancelled', 'Agendamento com benefício de assinatura: Plano prata', '2026-05-08T17:52:12.923331+00:00', '2026-05-08T20:32:46.798602+00:00', 'Cristiano Campos Ferreira', '5532991688360', 5, NULL, NULL, '3db9a5c7-177b-4af8-957c-271d0d2ebe5e', NULL, 'a7c68e04-468a-4371-8756-7adb5402d783', '2026-05-08T18:23:08.991099+00:00', false, 0.0, NULL, 0, 0, 0, 0, 0, 0, '126c9b6d-ff93-4488-8113-a2cfee6f03fe', false, false, false, false, 'public_booking') ON CONFLICT DO NOTHING;
INSERT INTO public.appointments (id, company_id, client_id, professional_id, start_time, end_time, total_price, status, notes, created_at, updated_at, client_name, client_whatsapp, delay_minutes, rescheduled_from_id, event_id, promotion_id, completed_at, delay_source_appointment_id, delay_applied_at, special_schedule, extra_fee, extra_fee_type, extra_fee_value, final_price, original_price, promotion_discount, cashback_used, manual_discount, user_id, whatsapp_confirmation_sent, whatsapp_reminder_sent, whatsapp_review_sent, whatsapp_reminder_1d_sent, booking_origin) VALUES ('4b47bfc4-1df4-4acd-afe0-766019975a79', '746ad0ac-8aea-468c-8bda-a89b87bef60c', '822a6696-ccb0-44c2-b351-3b353528750c', '4b63dd02-bb7a-4904-8cb5-d3efcd30bade', '2026-05-08T20:43:00+00:00', '2026-05-08T20:53:00+00:00', 15.0, 'cancelled', NULL, '2026-05-08T20:33:57.14019+00:00', '2026-05-08T20:35:12.59009+00:00', 'Cristiano Campos Ferreira', '5532991688360', 0, NULL, NULL, '3db9a5c7-177b-4af8-957c-271d0d2ebe5e', NULL, NULL, NULL, false, 0.0, NULL, 0, 15, 15, 0, 0, 0, '126c9b6d-ff93-4488-8113-a2cfee6f03fe', false, false, false, false, 'public_booking') ON CONFLICT DO NOTHING;
INSERT INTO public.appointments (id, company_id, client_id, professional_id, start_time, end_time, total_price, status, notes, created_at, updated_at, client_name, client_whatsapp, delay_minutes, rescheduled_from_id, event_id, promotion_id, completed_at, delay_source_appointment_id, delay_applied_at, special_schedule, extra_fee, extra_fee_type, extra_fee_value, final_price, original_price, promotion_discount, cashback_used, manual_discount, user_id, whatsapp_confirmation_sent, whatsapp_reminder_sent, whatsapp_review_sent, whatsapp_reminder_1d_sent, booking_origin) VALUES ('8150eecd-2f4e-4791-9284-b5f158638ba0', '746ad0ac-8aea-468c-8bda-a89b87bef60c', '822a6696-ccb0-44c2-b351-3b353528750c', '4b63dd02-bb7a-4904-8cb5-d3efcd30bade', '2026-05-07T14:20:00+00:00', '2026-05-07T14:40:00+00:00', 25.0, 'completed', NULL, '2026-05-06T19:00:12.532752+00:00', '2026-05-08T20:40:38.727299+00:00', 'Cristiano Campos Ferreira', '5532991688360', 0, NULL, NULL, '3db9a5c7-177b-4af8-957c-271d0d2ebe5e', '2026-05-08T20:40:38.727299+00:00', NULL, NULL, false, 0.0, NULL, 0, 25, 25, 0, 0, 0, '126c9b6d-ff93-4488-8113-a2cfee6f03fe', false, false, false, false, 'public_booking') ON CONFLICT DO NOTHING;
INSERT INTO public.appointments (id, company_id, client_id, professional_id, start_time, end_time, total_price, status, notes, created_at, updated_at, client_name, client_whatsapp, delay_minutes, rescheduled_from_id, event_id, promotion_id, completed_at, delay_source_appointment_id, delay_applied_at, special_schedule, extra_fee, extra_fee_type, extra_fee_value, final_price, original_price, promotion_discount, cashback_used, manual_discount, user_id, whatsapp_confirmation_sent, whatsapp_reminder_sent, whatsapp_review_sent, whatsapp_reminder_1d_sent, booking_origin) VALUES ('d8cf8aa8-6a25-46c9-b117-754637a117ba', '746ad0ac-8aea-468c-8bda-a89b87bef60c', '822a6696-ccb0-44c2-b351-3b353528750c', '4b63dd02-bb7a-4904-8cb5-d3efcd30bade', '2026-05-09T12:20:00+00:00', '2026-05-09T13:25:00+00:00', 42.5, 'completed', 'Agendamento com benefício de assinatura: Plano Maquina Ouro', '2026-05-08T17:40:46.063903+00:00', '2026-05-09T13:09:04.052601+00:00', 'Cristiano Campos Ferreira', '5532991688360', 0, NULL, NULL, '3db9a5c7-177b-4af8-957c-271d0d2ebe5e', '2026-05-09T13:09:04.052601+00:00', NULL, NULL, false, 0.0, NULL, 0, 42.5, 42.5, 0, 0, 0, '126c9b6d-ff93-4488-8113-a2cfee6f03fe', false, false, false, false, 'public_booking') ON CONFLICT DO NOTHING;
INSERT INTO public.appointments (id, company_id, client_id, professional_id, start_time, end_time, total_price, status, notes, created_at, updated_at, client_name, client_whatsapp, delay_minutes, rescheduled_from_id, event_id, promotion_id, completed_at, delay_source_appointment_id, delay_applied_at, special_schedule, extra_fee, extra_fee_type, extra_fee_value, final_price, original_price, promotion_discount, cashback_used, manual_discount, user_id, whatsapp_confirmation_sent, whatsapp_reminder_sent, whatsapp_review_sent, whatsapp_reminder_1d_sent, booking_origin) VALUES ('126f8290-62b6-43ea-bf37-2579595d1abe', 'ba00be4b-a872-4d08-880a-a5033b40ed3f', 'a84ce3fd-c4c9-44b6-9622-b354d45edf68', '83b47116-366a-43f6-9dc5-0667a7cad652', '2026-05-09T14:00:00+00:00', '2026-05-09T14:30:00+00:00', 0.0, 'completed', 'Agendamento com benefício de assinatura: Black HCK', '2026-05-08T03:02:55.703402+00:00', '2026-05-09T14:21:21.109223+00:00', 'Nathalia Martins', '5532988564025', 0, NULL, NULL, '7ead7ac0-e640-40c3-bc43-72c89846664e', '2026-05-09T14:21:21.109223+00:00', NULL, NULL, false, 0.0, NULL, 0, 0, 0, 0, 0, 0, '02503cd1-f80f-4e21-9f92-504abb674d7c', false, false, false, false, 'public_booking') ON CONFLICT DO NOTHING;
INSERT INTO public.appointments (id, company_id, client_id, professional_id, start_time, end_time, total_price, status, notes, created_at, updated_at, client_name, client_whatsapp, delay_minutes, rescheduled_from_id, event_id, promotion_id, completed_at, delay_source_appointment_id, delay_applied_at, special_schedule, extra_fee, extra_fee_type, extra_fee_value, final_price, original_price, promotion_discount, cashback_used, manual_discount, user_id, whatsapp_confirmation_sent, whatsapp_reminder_sent, whatsapp_review_sent, whatsapp_reminder_1d_sent, booking_origin) VALUES ('38f4a81c-7e53-4ff9-86b6-98ecd2d26e28', '746ad0ac-8aea-468c-8bda-a89b87bef60c', '822a6696-ccb0-44c2-b351-3b353528750c', '4b63dd02-bb7a-4904-8cb5-d3efcd30bade', '2026-05-09T13:25:00+00:00', '2026-05-09T14:05:00+00:00', 0.0, 'completed', 'Agendamento com benefício de assinatura: Plano prata', '2026-05-08T18:01:08.374968+00:00', '2026-05-09T15:51:49.166368+00:00', 'Cristiano Campos Ferreira', '5532991688360', 0, NULL, NULL, '3db9a5c7-177b-4af8-957c-271d0d2ebe5e', '2026-05-09T15:51:49.166368+00:00', NULL, NULL, false, 0.0, NULL, 0, 0, 0, 0, 0, 0, '126c9b6d-ff93-4488-8113-a2cfee6f03fe', false, false, false, false, 'public_booking') ON CONFLICT DO NOTHING;
INSERT INTO public.appointments (id, company_id, client_id, professional_id, start_time, end_time, total_price, status, notes, created_at, updated_at, client_name, client_whatsapp, delay_minutes, rescheduled_from_id, event_id, promotion_id, completed_at, delay_source_appointment_id, delay_applied_at, special_schedule, extra_fee, extra_fee_type, extra_fee_value, final_price, original_price, promotion_discount, cashback_used, manual_discount, user_id, whatsapp_confirmation_sent, whatsapp_reminder_sent, whatsapp_review_sent, whatsapp_reminder_1d_sent, booking_origin) VALUES ('d231d858-c311-4e48-bb5f-3239be81b402', '746ad0ac-8aea-468c-8bda-a89b87bef60c', '822a6696-ccb0-44c2-b351-3b353528750c', '28ffc4f5-6e86-4a1d-8e7f-c50f08496b15', '2026-05-09T15:00:00+00:00', '2026-05-09T15:30:00+00:00', 29.75, 'completed', NULL, '2026-05-08T18:36:06.798493+00:00', '2026-05-09T15:52:10.203072+00:00', 'Cristiano Campos Ferreira', '5532991688360', 0, NULL, NULL, '3db9a5c7-177b-4af8-957c-271d0d2ebe5e', '2026-05-09T15:52:10.203072+00:00', NULL, NULL, false, 0.0, NULL, 0, 29.75, 29.75, 0, 0, 0, '126c9b6d-ff93-4488-8113-a2cfee6f03fe', false, false, false, false, 'public_booking') ON CONFLICT DO NOTHING;
INSERT INTO public.appointments (id, company_id, client_id, professional_id, start_time, end_time, total_price, status, notes, created_at, updated_at, client_name, client_whatsapp, delay_minutes, rescheduled_from_id, event_id, promotion_id, completed_at, delay_source_appointment_id, delay_applied_at, special_schedule, extra_fee, extra_fee_type, extra_fee_value, final_price, original_price, promotion_discount, cashback_used, manual_discount, user_id, whatsapp_confirmation_sent, whatsapp_reminder_sent, whatsapp_review_sent, whatsapp_reminder_1d_sent, booking_origin) VALUES ('191495a2-40c2-44e1-b25d-5971b2a577ee', 'ba00be4b-a872-4d08-880a-a5033b40ed3f', 'a84ce3fd-c4c9-44b6-9622-b354d45edf68', '83b47116-366a-43f6-9dc5-0667a7cad652', '2026-05-12T10:00:00+00:00', '2026-05-12T11:00:00+00:00', 50.0, 'confirmed', 'Teste de correção 3', '2026-04-29T19:55:53.588418+00:00', '2026-05-09T21:21:01.528133+00:00', 'Teste Lovable 3', '5511999999999', 0, NULL, NULL, NULL, NULL, NULL, NULL, false, 0.0, NULL, NULL, 50.0, 0, 0, 0, 0, '02503cd1-f80f-4e21-9f92-504abb674d7c', false, false, false, false, 'regular') ON CONFLICT DO NOTHING;
INSERT INTO public.appointments (id, company_id, client_id, professional_id, start_time, end_time, total_price, status, notes, created_at, updated_at, client_name, client_whatsapp, delay_minutes, rescheduled_from_id, event_id, promotion_id, completed_at, delay_source_appointment_id, delay_applied_at, special_schedule, extra_fee, extra_fee_type, extra_fee_value, final_price, original_price, promotion_discount, cashback_used, manual_discount, user_id, whatsapp_confirmation_sent, whatsapp_reminder_sent, whatsapp_review_sent, whatsapp_reminder_1d_sent, booking_origin) VALUES ('83871921-428c-41be-87d7-1ba640379fcd', 'ba00be4b-a872-4d08-880a-a5033b40ed3f', 'a84ce3fd-c4c9-44b6-9622-b354d45edf68', '83b47116-366a-43f6-9dc5-0667a7cad652', '2026-05-13T10:00:00+00:00', '2026-05-13T11:00:00+00:00', 50.0, 'confirmed', 'Teste de duplicação', '2026-04-29T20:02:28.877834+00:00', '2026-05-09T21:21:01.528133+00:00', 'Teste Lovable Duplicate Fix', '5511999999999', 0, NULL, NULL, NULL, NULL, NULL, NULL, false, 0.0, NULL, NULL, 50.0, 0, 0, 0, 0, '02503cd1-f80f-4e21-9f92-504abb674d7c', false, false, false, false, 'regular') ON CONFLICT DO NOTHING;
INSERT INTO public.appointments (id, company_id, client_id, professional_id, start_time, end_time, total_price, status, notes, created_at, updated_at, client_name, client_whatsapp, delay_minutes, rescheduled_from_id, event_id, promotion_id, completed_at, delay_source_appointment_id, delay_applied_at, special_schedule, extra_fee, extra_fee_type, extra_fee_value, final_price, original_price, promotion_discount, cashback_used, manual_discount, user_id, whatsapp_confirmation_sent, whatsapp_reminder_sent, whatsapp_review_sent, whatsapp_reminder_1d_sent, booking_origin) VALUES ('0e6dbbb4-7855-45b7-8d79-3a9069d7b8d3', 'ba00be4b-a872-4d08-880a-a5033b40ed3f', 'a84ce3fd-c4c9-44b6-9622-b354d45edf68', '83b47116-366a-43f6-9dc5-0667a7cad652', '2026-04-30T12:20:00+00:00', '2026-04-30T12:50:00+00:00', 35.0, 'confirmed', NULL, '2026-04-29T20:03:28.187043+00:00', '2026-05-09T21:21:01.528133+00:00', 'Nathalia Martins', '5532988564025', 0, NULL, NULL, NULL, NULL, NULL, NULL, false, 0.0, NULL, NULL, 35.0, 0, 0, 0, 0, '02503cd1-f80f-4e21-9f92-504abb674d7c', false, false, false, false, 'regular') ON CONFLICT DO NOTHING;
INSERT INTO public.appointments (id, company_id, client_id, professional_id, start_time, end_time, total_price, status, notes, created_at, updated_at, client_name, client_whatsapp, delay_minutes, rescheduled_from_id, event_id, promotion_id, completed_at, delay_source_appointment_id, delay_applied_at, special_schedule, extra_fee, extra_fee_type, extra_fee_value, final_price, original_price, promotion_discount, cashback_used, manual_discount, user_id, whatsapp_confirmation_sent, whatsapp_reminder_sent, whatsapp_review_sent, whatsapp_reminder_1d_sent, booking_origin) VALUES ('b2a89095-5dc2-4e79-8fa1-a2fc24a3bdcd', 'ba00be4b-a872-4d08-880a-a5033b40ed3f', 'a84ce3fd-c4c9-44b6-9622-b354d45edf68', '83b47116-366a-43f6-9dc5-0667a7cad652', '2026-05-14T14:00:00+00:00', '2026-05-14T15:00:00+00:00', 60.0, 'confirmed', 'Teste de quebra de linha e links', '2026-04-29T20:07:24.914935+00:00', '2026-05-09T21:21:01.528133+00:00', 'Nathalia Martins Teste', '5511999999999', 0, NULL, NULL, NULL, NULL, NULL, NULL, false, 0.0, NULL, NULL, 60.0, 0, 0, 0, 0, '02503cd1-f80f-4e21-9f92-504abb674d7c', false, false, false, false, 'regular') ON CONFLICT DO NOTHING;
INSERT INTO public.appointments (id, company_id, client_id, professional_id, start_time, end_time, total_price, status, notes, created_at, updated_at, client_name, client_whatsapp, delay_minutes, rescheduled_from_id, event_id, promotion_id, completed_at, delay_source_appointment_id, delay_applied_at, special_schedule, extra_fee, extra_fee_type, extra_fee_value, final_price, original_price, promotion_discount, cashback_used, manual_discount, user_id, whatsapp_confirmation_sent, whatsapp_reminder_sent, whatsapp_review_sent, whatsapp_reminder_1d_sent, booking_origin) VALUES ('201a40d5-852f-421c-bfb9-f90fefd602a7', 'ba00be4b-a872-4d08-880a-a5033b40ed3f', 'a84ce3fd-c4c9-44b6-9622-b354d45edf68', '83b47116-366a-43f6-9dc5-0667a7cad652', '2026-04-30T20:00:00+00:00', '2026-04-30T20:30:00+00:00', 40.0, 'confirmed', NULL, '2026-04-29T20:09:54.70591+00:00', '2026-05-09T21:21:01.528133+00:00', 'Nathalia Martins', '5532988564025', 0, NULL, NULL, NULL, NULL, NULL, NULL, false, 0.0, NULL, NULL, 40.0, 0, 0, 0, 0, '02503cd1-f80f-4e21-9f92-504abb674d7c', false, false, false, false, 'regular') ON CONFLICT DO NOTHING;
INSERT INTO public.appointments (id, company_id, client_id, professional_id, start_time, end_time, total_price, status, notes, created_at, updated_at, client_name, client_whatsapp, delay_minutes, rescheduled_from_id, event_id, promotion_id, completed_at, delay_source_appointment_id, delay_applied_at, special_schedule, extra_fee, extra_fee_type, extra_fee_value, final_price, original_price, promotion_discount, cashback_used, manual_discount, user_id, whatsapp_confirmation_sent, whatsapp_reminder_sent, whatsapp_review_sent, whatsapp_reminder_1d_sent, booking_origin) VALUES ('f39f1c2b-6c09-460f-a00b-2752c723afd5', 'ba00be4b-a872-4d08-880a-a5033b40ed3f', 'a84ce3fd-c4c9-44b6-9622-b354d45edf68', '83b47116-366a-43f6-9dc5-0667a7cad652', '2026-05-15T14:00:00+00:00', '2026-05-15T15:00:00+00:00', 60.0, 'confirmed', 'Teste final de duplicidade', '2026-04-29T20:13:08.483293+00:00', '2026-05-09T21:21:01.528133+00:00', 'Nathalia Teste Duplicidade', '5511999999999', 0, NULL, NULL, NULL, NULL, NULL, NULL, false, 0.0, NULL, NULL, 60.0, 0, 0, 0, 0, '02503cd1-f80f-4e21-9f92-504abb674d7c', false, false, false, false, 'regular') ON CONFLICT DO NOTHING;
INSERT INTO public.appointments (id, company_id, client_id, professional_id, start_time, end_time, total_price, status, notes, created_at, updated_at, client_name, client_whatsapp, delay_minutes, rescheduled_from_id, event_id, promotion_id, completed_at, delay_source_appointment_id, delay_applied_at, special_schedule, extra_fee, extra_fee_type, extra_fee_value, final_price, original_price, promotion_discount, cashback_used, manual_discount, user_id, whatsapp_confirmation_sent, whatsapp_reminder_sent, whatsapp_review_sent, whatsapp_reminder_1d_sent, booking_origin) VALUES ('1b67f173-a0c3-45e4-a98e-9b077f5ba007', 'ba00be4b-a872-4d08-880a-a5033b40ed3f', 'a84ce3fd-c4c9-44b6-9622-b354d45edf68', '83b47116-366a-43f6-9dc5-0667a7cad652', '2026-04-30T17:40:00+00:00', '2026-04-30T18:00:00+00:00', 25.0, 'completed', NULL, '2026-04-29T15:29:12.301532+00:00', '2026-05-09T21:21:01.528133+00:00', 'Nathalia Martins', '5532988564025', 0, NULL, NULL, NULL, '2026-04-29T20:33:45.282465+00:00', NULL, NULL, false, 0.0, NULL, NULL, 25.0, 0, 0, 0, 0, '02503cd1-f80f-4e21-9f92-504abb674d7c', false, false, false, false, 'regular') ON CONFLICT DO NOTHING;
INSERT INTO public.appointments (id, company_id, client_id, professional_id, start_time, end_time, total_price, status, notes, created_at, updated_at, client_name, client_whatsapp, delay_minutes, rescheduled_from_id, event_id, promotion_id, completed_at, delay_source_appointment_id, delay_applied_at, special_schedule, extra_fee, extra_fee_type, extra_fee_value, final_price, original_price, promotion_discount, cashback_used, manual_discount, user_id, whatsapp_confirmation_sent, whatsapp_reminder_sent, whatsapp_review_sent, whatsapp_reminder_1d_sent, booking_origin) VALUES ('473beda7-b61b-42d9-90e8-e8216e97339d', 'ba00be4b-a872-4d08-880a-a5033b40ed3f', 'a84ce3fd-c4c9-44b6-9622-b354d45edf68', '83b47116-366a-43f6-9dc5-0667a7cad652', '2026-05-01T12:00:00+00:00', '2026-05-01T13:00:00+00:00', 75.0, 'completed', NULL, '2026-04-29T16:57:40.493969+00:00', '2026-05-09T21:21:01.528133+00:00', 'Nathalia Martins', '5532988564025', 0, NULL, NULL, NULL, '2026-04-29T20:36:30.870628+00:00', NULL, NULL, false, 0.0, NULL, NULL, 75.0, 0, 0, 0, 0, '02503cd1-f80f-4e21-9f92-504abb674d7c', false, false, false, false, 'regular') ON CONFLICT DO NOTHING;
INSERT INTO public.appointments (id, company_id, client_id, professional_id, start_time, end_time, total_price, status, notes, created_at, updated_at, client_name, client_whatsapp, delay_minutes, rescheduled_from_id, event_id, promotion_id, completed_at, delay_source_appointment_id, delay_applied_at, special_schedule, extra_fee, extra_fee_type, extra_fee_value, final_price, original_price, promotion_discount, cashback_used, manual_discount, user_id, whatsapp_confirmation_sent, whatsapp_reminder_sent, whatsapp_review_sent, whatsapp_reminder_1d_sent, booking_origin) VALUES ('1dc91276-7418-40af-b3f9-be79dd78a1d6', 'ba00be4b-a872-4d08-880a-a5033b40ed3f', 'a84ce3fd-c4c9-44b6-9622-b354d45edf68', '83b47116-366a-43f6-9dc5-0667a7cad652', '2026-05-10T10:00:00+00:00', '2026-05-10T11:00:00+00:00', 50.0, 'completed', 'Teste de correção', '2026-04-29T19:54:18.239519+00:00', '2026-05-09T21:21:01.528133+00:00', 'Teste Lovable', '5511999999999', 0, NULL, NULL, NULL, '2026-04-29T21:07:53.294005+00:00', NULL, NULL, false, 0.0, NULL, NULL, 50.0, 0, 0, 0, 0, '02503cd1-f80f-4e21-9f92-504abb674d7c', false, false, false, false, 'regular') ON CONFLICT DO NOTHING;
INSERT INTO public.appointments (id, company_id, client_id, professional_id, start_time, end_time, total_price, status, notes, created_at, updated_at, client_name, client_whatsapp, delay_minutes, rescheduled_from_id, event_id, promotion_id, completed_at, delay_source_appointment_id, delay_applied_at, special_schedule, extra_fee, extra_fee_type, extra_fee_value, final_price, original_price, promotion_discount, cashback_used, manual_discount, user_id, whatsapp_confirmation_sent, whatsapp_reminder_sent, whatsapp_review_sent, whatsapp_reminder_1d_sent, booking_origin) VALUES ('af44995c-d3da-4e8e-9574-24846b1e4453', 'ba00be4b-a872-4d08-880a-a5033b40ed3f', 'a84ce3fd-c4c9-44b6-9622-b354d45edf68', '83b47116-366a-43f6-9dc5-0667a7cad652', '2026-04-30T18:00:00+00:00', '2026-04-30T18:30:00+00:00', 35.0, 'confirmed', NULL, '2026-04-29T21:12:37.085241+00:00', '2026-05-09T21:21:01.528133+00:00', 'Nathalia Martins', '5532988564025', 0, NULL, NULL, NULL, NULL, NULL, NULL, false, 0.0, NULL, NULL, 35.0, 0, 0, 0, 0, '02503cd1-f80f-4e21-9f92-504abb674d7c', false, false, false, false, 'regular') ON CONFLICT DO NOTHING;
INSERT INTO public.appointments (id, company_id, client_id, professional_id, start_time, end_time, total_price, status, notes, created_at, updated_at, client_name, client_whatsapp, delay_minutes, rescheduled_from_id, event_id, promotion_id, completed_at, delay_source_appointment_id, delay_applied_at, special_schedule, extra_fee, extra_fee_type, extra_fee_value, final_price, original_price, promotion_discount, cashback_used, manual_discount, user_id, whatsapp_confirmation_sent, whatsapp_reminder_sent, whatsapp_review_sent, whatsapp_reminder_1d_sent, booking_origin) VALUES ('8e108c12-316d-4187-982e-fb9f1e955d68', 'ba00be4b-a872-4d08-880a-a5033b40ed3f', 'a84ce3fd-c4c9-44b6-9622-b354d45edf68', '83b47116-366a-43f6-9dc5-0667a7cad652', '2026-04-30T12:50:00+00:00', '2026-04-30T13:30:00+00:00', 50.0, 'confirmed', NULL, '2026-04-29T23:49:11.094401+00:00', '2026-05-09T21:21:01.528133+00:00', 'Nathalia Martins', '5532988564025', 0, NULL, NULL, NULL, NULL, NULL, NULL, false, 0.0, NULL, NULL, 50.0, 0, 0, 0, 0, '02503cd1-f80f-4e21-9f92-504abb674d7c', false, false, false, false, 'regular') ON CONFLICT DO NOTHING;
INSERT INTO public.appointments (id, company_id, client_id, professional_id, start_time, end_time, total_price, status, notes, created_at, updated_at, client_name, client_whatsapp, delay_minutes, rescheduled_from_id, event_id, promotion_id, completed_at, delay_source_appointment_id, delay_applied_at, special_schedule, extra_fee, extra_fee_type, extra_fee_value, final_price, original_price, promotion_discount, cashback_used, manual_discount, user_id, whatsapp_confirmation_sent, whatsapp_reminder_sent, whatsapp_review_sent, whatsapp_reminder_1d_sent, booking_origin) VALUES ('f490259d-6615-4d7c-b327-b4ee1db8acfa', '746ad0ac-8aea-468c-8bda-a89b87bef60c', '822a6696-ccb0-44c2-b351-3b353528750c', '4b63dd02-bb7a-4904-8cb5-d3efcd30bade', '2026-05-26T12:00:00+00:00', '2026-05-26T12:30:00+00:00', 35.0, 'confirmed', NULL, '2026-05-01T01:05:11.309777+00:00', '2026-05-09T21:21:01.528133+00:00', 'Cristiano Campos Ferreira', '5532991688360', 0, NULL, NULL, NULL, NULL, NULL, NULL, false, 0.0, NULL, NULL, 35.0, 0, 0, 0, 0, '126c9b6d-ff93-4488-8113-a2cfee6f03fe', false, false, false, false, 'regular') ON CONFLICT DO NOTHING;
INSERT INTO public.appointments (id, company_id, client_id, professional_id, start_time, end_time, total_price, status, notes, created_at, updated_at, client_name, client_whatsapp, delay_minutes, rescheduled_from_id, event_id, promotion_id, completed_at, delay_source_appointment_id, delay_applied_at, special_schedule, extra_fee, extra_fee_type, extra_fee_value, final_price, original_price, promotion_discount, cashback_used, manual_discount, user_id, whatsapp_confirmation_sent, whatsapp_reminder_sent, whatsapp_review_sent, whatsapp_reminder_1d_sent, booking_origin) VALUES ('17e192fb-b7a9-43cd-8964-c9b0fbc07cb0', '746ad0ac-8aea-468c-8bda-a89b87bef60c', '822a6696-ccb0-44c2-b351-3b353528750c', '02e5b0f3-1e86-4417-8d01-6c96373a81f4', '2026-05-02T13:40:00+00:00', '2026-05-02T14:05:00+00:00', 30.0, 'rescheduled', NULL, '2026-05-01T17:40:40.190588+00:00', '2026-05-09T21:21:01.528133+00:00', 'Cristiano Campos Ferreira', '5532991688360', 0, NULL, NULL, NULL, NULL, NULL, NULL, false, 0.0, NULL, NULL, 30.0, 0, 0, 0, 0, '56314174-1818-4884-9062-d8836ed3fcf1', false, false, false, false, 'regular') ON CONFLICT DO NOTHING;
INSERT INTO public.appointments (id, company_id, client_id, professional_id, start_time, end_time, total_price, status, notes, created_at, updated_at, client_name, client_whatsapp, delay_minutes, rescheduled_from_id, event_id, promotion_id, completed_at, delay_source_appointment_id, delay_applied_at, special_schedule, extra_fee, extra_fee_type, extra_fee_value, final_price, original_price, promotion_discount, cashback_used, manual_discount, user_id, whatsapp_confirmation_sent, whatsapp_reminder_sent, whatsapp_review_sent, whatsapp_reminder_1d_sent, booking_origin) VALUES ('d5565369-b7a9-408b-abb9-2cb244a15326', 'ba00be4b-a872-4d08-880a-a5033b40ed3f', 'a84ce3fd-c4c9-44b6-9622-b354d45edf68', '83b47116-366a-43f6-9dc5-0667a7cad652', '2026-05-01T14:00:00+00:00', '2026-05-01T15:00:00+00:00', 82.5, 'confirmed', 'Evento: Dia do Trabalhador', '2026-05-01T17:47:46.285429+00:00', '2026-05-09T21:21:01.528133+00:00', 'Nathalia Martins', '5532988564025', 0, NULL, 'cab95540-9fe6-48de-89a5-40717e79b8e1', NULL, NULL, NULL, NULL, false, 0.0, NULL, NULL, 82.5, 0, 0, 0, 0, '02503cd1-f80f-4e21-9f92-504abb674d7c', false, false, false, false, 'open_agenda') ON CONFLICT DO NOTHING;
INSERT INTO public.appointments (id, company_id, client_id, professional_id, start_time, end_time, total_price, status, notes, created_at, updated_at, client_name, client_whatsapp, delay_minutes, rescheduled_from_id, event_id, promotion_id, completed_at, delay_source_appointment_id, delay_applied_at, special_schedule, extra_fee, extra_fee_type, extra_fee_value, final_price, original_price, promotion_discount, cashback_used, manual_discount, user_id, whatsapp_confirmation_sent, whatsapp_reminder_sent, whatsapp_review_sent, whatsapp_reminder_1d_sent, booking_origin) VALUES ('b65b025a-4539-47c7-ac2a-84edf5f5233c', 'ba00be4b-a872-4d08-880a-a5033b40ed3f', 'a84ce3fd-c4c9-44b6-9622-b354d45edf68', '83b47116-366a-43f6-9dc5-0667a7cad652', '2026-05-01T20:30:00+00:00', '2026-05-01T21:30:00+00:00', 82.5, 'confirmed', 'Evento: Dia do Trabalhador', '2026-05-01T17:48:51.219267+00:00', '2026-05-09T21:21:01.528133+00:00', 'Nathalia Martins', '5532988564025', 0, NULL, 'cab95540-9fe6-48de-89a5-40717e79b8e1', NULL, NULL, NULL, NULL, false, 0.0, NULL, NULL, 82.5, 0, 0, 0, 0, '02503cd1-f80f-4e21-9f92-504abb674d7c', false, false, false, false, 'open_agenda') ON CONFLICT DO NOTHING;
INSERT INTO public.appointments (id, company_id, client_id, professional_id, start_time, end_time, total_price, status, notes, created_at, updated_at, client_name, client_whatsapp, delay_minutes, rescheduled_from_id, event_id, promotion_id, completed_at, delay_source_appointment_id, delay_applied_at, special_schedule, extra_fee, extra_fee_type, extra_fee_value, final_price, original_price, promotion_discount, cashback_used, manual_discount, user_id, whatsapp_confirmation_sent, whatsapp_reminder_sent, whatsapp_review_sent, whatsapp_reminder_1d_sent, booking_origin) VALUES ('4d6a6e16-32a2-458b-a072-696ed1ad012c', '746ad0ac-8aea-468c-8bda-a89b87bef60c', '822a6696-ccb0-44c2-b351-3b353528750c', '02e5b0f3-1e86-4417-8d01-6c96373a81f4', '2026-05-02T13:10:00+00:00', '2026-05-02T13:35:00+00:00', 30.0, 'cancelled', NULL, '2026-05-01T17:43:32.953322+00:00', '2026-05-09T21:21:01.528133+00:00', 'Cristiano Campos Ferreira', '5532991688360', 0, '17e192fb-b7a9-43cd-8964-c9b0fbc07cb0', NULL, NULL, NULL, NULL, NULL, false, 0.0, NULL, NULL, 30.0, 0, 0, 0, 0, '126c9b6d-ff93-4488-8113-a2cfee6f03fe', false, false, false, false, 'regular') ON CONFLICT DO NOTHING;
INSERT INTO public.appointments (id, company_id, client_id, professional_id, start_time, end_time, total_price, status, notes, created_at, updated_at, client_name, client_whatsapp, delay_minutes, rescheduled_from_id, event_id, promotion_id, completed_at, delay_source_appointment_id, delay_applied_at, special_schedule, extra_fee, extra_fee_type, extra_fee_value, final_price, original_price, promotion_discount, cashback_used, manual_discount, user_id, whatsapp_confirmation_sent, whatsapp_reminder_sent, whatsapp_review_sent, whatsapp_reminder_1d_sent, booking_origin) VALUES ('461203a9-6d4a-4c70-a8ad-9de986361ed4', 'ba00be4b-a872-4d08-880a-a5033b40ed3f', 'a84ce3fd-c4c9-44b6-9622-b354d45edf68', '83b47116-366a-43f6-9dc5-0667a7cad652', '2026-05-02T19:00:00+00:00', '2026-05-02T19:30:00+00:00', 35.0, 'confirmed', NULL, '2026-05-01T18:30:43.162447+00:00', '2026-05-09T21:21:01.528133+00:00', 'Nathalia Martins', '5532988564025', 0, NULL, NULL, NULL, NULL, NULL, NULL, false, 0.0, NULL, NULL, 35.0, 0, 0, 0, 0, '02503cd1-f80f-4e21-9f92-504abb674d7c', false, false, false, false, 'regular') ON CONFLICT DO NOTHING;
INSERT INTO public.appointments (id, company_id, client_id, professional_id, start_time, end_time, total_price, status, notes, created_at, updated_at, client_name, client_whatsapp, delay_minutes, rescheduled_from_id, event_id, promotion_id, completed_at, delay_source_appointment_id, delay_applied_at, special_schedule, extra_fee, extra_fee_type, extra_fee_value, final_price, original_price, promotion_discount, cashback_used, manual_discount, user_id, whatsapp_confirmation_sent, whatsapp_reminder_sent, whatsapp_review_sent, whatsapp_reminder_1d_sent, booking_origin) VALUES ('fa017cec-7fe4-4850-91ae-da2f6c8feb21', 'ba00be4b-a872-4d08-880a-a5033b40ed3f', 'a84ce3fd-c4c9-44b6-9622-b354d45edf68', '83b47116-366a-43f6-9dc5-0667a7cad652', '2026-05-02T19:50:00+00:00', '2026-05-02T20:10:00+00:00', 25.0, 'confirmed', NULL, '2026-05-01T18:33:15.428797+00:00', '2026-05-09T21:21:01.528133+00:00', 'Nathalia Martins', '5532988564025', 0, NULL, NULL, NULL, NULL, NULL, NULL, false, 0.0, NULL, NULL, 25.0, 0, 0, 0, 0, '02503cd1-f80f-4e21-9f92-504abb674d7c', false, false, false, false, 'regular') ON CONFLICT DO NOTHING;
INSERT INTO public.appointments (id, company_id, client_id, professional_id, start_time, end_time, total_price, status, notes, created_at, updated_at, client_name, client_whatsapp, delay_minutes, rescheduled_from_id, event_id, promotion_id, completed_at, delay_source_appointment_id, delay_applied_at, special_schedule, extra_fee, extra_fee_type, extra_fee_value, final_price, original_price, promotion_discount, cashback_used, manual_discount, user_id, whatsapp_confirmation_sent, whatsapp_reminder_sent, whatsapp_review_sent, whatsapp_reminder_1d_sent, booking_origin) VALUES ('66a4a0b8-e9c5-4e96-b416-4b0eae7b5859', 'ba00be4b-a872-4d08-880a-a5033b40ed3f', 'a84ce3fd-c4c9-44b6-9622-b354d45edf68', '83b47116-366a-43f6-9dc5-0667a7cad652', '2026-05-02T18:00:00+00:00', '2026-05-02T18:20:00+00:00', 25.0, 'confirmed', NULL, '2026-05-01T18:39:05.914539+00:00', '2026-05-09T21:21:01.528133+00:00', 'Nathalia Martins', '5532988564025', 0, NULL, NULL, NULL, NULL, NULL, NULL, false, 0.0, NULL, NULL, 25.0, 0, 0, 0, 0, '02503cd1-f80f-4e21-9f92-504abb674d7c', false, false, false, false, 'regular') ON CONFLICT DO NOTHING;
INSERT INTO public.appointments (id, company_id, client_id, professional_id, start_time, end_time, total_price, status, notes, created_at, updated_at, client_name, client_whatsapp, delay_minutes, rescheduled_from_id, event_id, promotion_id, completed_at, delay_source_appointment_id, delay_applied_at, special_schedule, extra_fee, extra_fee_type, extra_fee_value, final_price, original_price, promotion_discount, cashback_used, manual_discount, user_id, whatsapp_confirmation_sent, whatsapp_reminder_sent, whatsapp_review_sent, whatsapp_reminder_1d_sent, booking_origin) VALUES ('84c3db28-73a8-4bc6-9788-ef7f93ba6aa4', 'ba00be4b-a872-4d08-880a-a5033b40ed3f', 'a84ce3fd-c4c9-44b6-9622-b354d45edf68', '83b47116-366a-43f6-9dc5-0667a7cad652', '2026-05-02T17:00:00+00:00', '2026-05-02T18:00:00+00:00', 63.75, 'confirmed', NULL, '2026-05-01T19:28:55.563207+00:00', '2026-05-09T21:21:01.528133+00:00', 'Nathalia Martins', '5532988564025', 0, NULL, NULL, '7aa30ca2-3747-4f43-82dc-945b81688d59', NULL, NULL, NULL, false, 0.0, NULL, NULL, 63.75, 0, 0, 0, 0, '02503cd1-f80f-4e21-9f92-504abb674d7c', false, false, false, false, 'public_booking') ON CONFLICT DO NOTHING;
INSERT INTO public.appointments (id, company_id, client_id, professional_id, start_time, end_time, total_price, status, notes, created_at, updated_at, client_name, client_whatsapp, delay_minutes, rescheduled_from_id, event_id, promotion_id, completed_at, delay_source_appointment_id, delay_applied_at, special_schedule, extra_fee, extra_fee_type, extra_fee_value, final_price, original_price, promotion_discount, cashback_used, manual_discount, user_id, whatsapp_confirmation_sent, whatsapp_reminder_sent, whatsapp_review_sent, whatsapp_reminder_1d_sent, booking_origin) VALUES ('4ef66269-20ad-48ea-a2a9-e633b3b53acf', 'ba00be4b-a872-4d08-880a-a5033b40ed3f', 'a84ce3fd-c4c9-44b6-9622-b354d45edf68', '83b47116-366a-43f6-9dc5-0667a7cad652', '2026-05-04T18:00:00+00:00', '2026-05-04T18:45:00+00:00', 60.0, 'confirmed', NULL, '2026-05-01T20:04:22.606657+00:00', '2026-05-09T21:21:01.528133+00:00', 'Nathalia Martins', '5532988564025', 0, NULL, NULL, NULL, NULL, NULL, NULL, false, 0.0, NULL, NULL, 60.0, 0, 0, 0, 0, '02503cd1-f80f-4e21-9f92-504abb674d7c', false, false, false, false, 'public_booking') ON CONFLICT DO NOTHING;
INSERT INTO public.appointments (id, company_id, client_id, professional_id, start_time, end_time, total_price, status, notes, created_at, updated_at, client_name, client_whatsapp, delay_minutes, rescheduled_from_id, event_id, promotion_id, completed_at, delay_source_appointment_id, delay_applied_at, special_schedule, extra_fee, extra_fee_type, extra_fee_value, final_price, original_price, promotion_discount, cashback_used, manual_discount, user_id, whatsapp_confirmation_sent, whatsapp_reminder_sent, whatsapp_review_sent, whatsapp_reminder_1d_sent, booking_origin) VALUES ('f1366820-749d-44f7-83d0-085a61d447c9', '746ad0ac-8aea-468c-8bda-a89b87bef60c', '822a6696-ccb0-44c2-b351-3b353528750c', '4b63dd02-bb7a-4904-8cb5-d3efcd30bade', '2026-06-13T09:00:00+00:00', '2026-06-13T10:00:00+00:00', 75.0, 'confirmed', 'Evento: Dia do Noivo', '2026-05-01T20:14:28.030366+00:00', '2026-05-09T21:21:01.528133+00:00', 'Cristiano Ferreira', '5532991688360', 0, NULL, '8c789e11-892b-49ea-a3d2-9142230dfd7c', NULL, NULL, NULL, NULL, false, 0.0, NULL, NULL, 75.0, 0, 0, 0, 0, '126c9b6d-ff93-4488-8113-a2cfee6f03fe', false, false, false, false, 'open_agenda') ON CONFLICT DO NOTHING;
INSERT INTO public.appointments (id, company_id, client_id, professional_id, start_time, end_time, total_price, status, notes, created_at, updated_at, client_name, client_whatsapp, delay_minutes, rescheduled_from_id, event_id, promotion_id, completed_at, delay_source_appointment_id, delay_applied_at, special_schedule, extra_fee, extra_fee_type, extra_fee_value, final_price, original_price, promotion_discount, cashback_used, manual_discount, user_id, whatsapp_confirmation_sent, whatsapp_reminder_sent, whatsapp_review_sent, whatsapp_reminder_1d_sent, booking_origin) VALUES ('9cfc4a64-6f2c-4fc8-ad41-0ec4800b3d70', '746ad0ac-8aea-468c-8bda-a89b87bef60c', '822a6696-ccb0-44c2-b351-3b353528750c', '4b63dd02-bb7a-4904-8cb5-d3efcd30bade', '2026-05-09T23:32:00+00:00', '2026-05-09T23:42:00+00:00', 1.54, 'completed', 'Promoção aplicada', '2026-05-09T23:22:53.819521+00:00', '2026-05-09T23:48:09.424728+00:00', 'Cristiano Campos Ferreira', '5532991688360', 0, NULL, NULL, '3db9a5c7-177b-4af8-957c-271d0d2ebe5e', '2026-05-09T23:48:09.424728+00:00', NULL, NULL, false, 0.0, NULL, 0, 1.5374999999999996, 15, 13.4625, 0, 0, '126c9b6d-ff93-4488-8113-a2cfee6f03fe', false, false, false, false, 'public_booking') ON CONFLICT DO NOTHING;
INSERT INTO public.appointments (id, company_id, client_id, professional_id, start_time, end_time, total_price, status, notes, created_at, updated_at, client_name, client_whatsapp, delay_minutes, rescheduled_from_id, event_id, promotion_id, completed_at, delay_source_appointment_id, delay_applied_at, special_schedule, extra_fee, extra_fee_type, extra_fee_value, final_price, original_price, promotion_discount, cashback_used, manual_discount, user_id, whatsapp_confirmation_sent, whatsapp_reminder_sent, whatsapp_review_sent, whatsapp_reminder_1d_sent, booking_origin) VALUES ('692252f4-42ff-4238-a26f-4aa64896d4f0', '746ad0ac-8aea-468c-8bda-a89b87bef60c', '822a6696-ccb0-44c2-b351-3b353528750c', '4b63dd02-bb7a-4904-8cb5-d3efcd30bade', '2026-05-09T23:51:00+00:00', '2026-05-10T00:11:00+00:00', 21.25, 'completed', 'Promoção aplicada', '2026-05-09T23:21:37.636552+00:00', '2026-05-10T03:03:24.055843+00:00', 'Cristiano Campos Ferreira', '5532991688360', 0, NULL, NULL, 'c17a5b0f-252f-4b2f-b9ce-829aba69a44e', '2026-05-10T03:03:24.055843+00:00', NULL, NULL, false, 0.0, NULL, 0, 21.25, 25, 3.75, 0, 0, '126c9b6d-ff93-4488-8113-a2cfee6f03fe', false, false, false, false, 'public_booking') ON CONFLICT DO NOTHING;
INSERT INTO public.appointments (id, company_id, client_id, professional_id, start_time, end_time, total_price, status, notes, created_at, updated_at, client_name, client_whatsapp, delay_minutes, rescheduled_from_id, event_id, promotion_id, completed_at, delay_source_appointment_id, delay_applied_at, special_schedule, extra_fee, extra_fee_type, extra_fee_value, final_price, original_price, promotion_discount, cashback_used, manual_discount, user_id, whatsapp_confirmation_sent, whatsapp_reminder_sent, whatsapp_review_sent, whatsapp_reminder_1d_sent, booking_origin) VALUES ('f77d94c1-8c44-48ec-8601-fce87e25a2aa', '746ad0ac-8aea-468c-8bda-a89b87bef60c', '822a6696-ccb0-44c2-b351-3b353528750c', '4b63dd02-bb7a-4904-8cb5-d3efcd30bade', '2026-05-12T12:40:00+00:00', '2026-05-12T13:20:00+00:00', 42.5, 'confirmed', NULL, '2026-05-11T18:06:35.711147+00:00', '2026-05-11T18:06:35.711147+00:00', 'Cristiano Campos Ferreira', '5532991688360', 0, NULL, NULL, 'fe2f2048-4cef-4f08-bda4-30a34800538a', NULL, NULL, NULL, false, 0.0, NULL, 0, 42.5, 42.5, 0, 0, 0, '126c9b6d-ff93-4488-8113-a2cfee6f03fe', false, false, false, false, 'public_booking') ON CONFLICT DO NOTHING;
INSERT INTO public.appointments (id, company_id, client_id, professional_id, start_time, end_time, total_price, status, notes, created_at, updated_at, client_name, client_whatsapp, delay_minutes, rescheduled_from_id, event_id, promotion_id, completed_at, delay_source_appointment_id, delay_applied_at, special_schedule, extra_fee, extra_fee_type, extra_fee_value, final_price, original_price, promotion_discount, cashback_used, manual_discount, user_id, whatsapp_confirmation_sent, whatsapp_reminder_sent, whatsapp_review_sent, whatsapp_reminder_1d_sent, booking_origin) VALUES ('b90ae427-f9a7-4c92-b046-e09853e6fc76', '746ad0ac-8aea-468c-8bda-a89b87bef60c', '822a6696-ccb0-44c2-b351-3b353528750c', '4b63dd02-bb7a-4904-8cb5-d3efcd30bade', '2026-05-08T20:45:00+00:00', '2026-05-08T20:55:00+00:00', 0.0, 'completed', 'Promoção aplicada', '2026-05-08T20:35:44.63436+00:00', '2026-05-11T18:11:01.147016+00:00', 'Cristiano Campos Ferreira', '5532991688360', 0, NULL, NULL, '3db9a5c7-177b-4af8-957c-271d0d2ebe5e', '2026-05-11T18:11:01.147016+00:00', NULL, NULL, false, 0.0, NULL, 0, 0, 15, 15, 0, 0, '126c9b6d-ff93-4488-8113-a2cfee6f03fe', false, false, false, false, 'public_booking') ON CONFLICT DO NOTHING;

-- Dumping 114 rows for appointment_services
INSERT INTO public.appointment_services (id, appointment_id, service_id, price, duration_minutes) VALUES ('c2e96f03-db12-4962-aaf9-d4bed6e67102', 'c429e860-9552-4e84-9495-763cb14985e3', '6f584d07-ca57-40d4-b699-3589d1accfb0', 35.0, 30) ON CONFLICT DO NOTHING;
INSERT INTO public.appointment_services (id, appointment_id, service_id, price, duration_minutes) VALUES ('01f14e4e-2e20-47c2-99ec-6483af3d0f16', '0a301d80-f89a-423b-88c2-d1566909a44c', 'e3fcb4d6-37ca-4d60-87ea-55f9d1b4be11', 25.0, 20) ON CONFLICT DO NOTHING;
INSERT INTO public.appointment_services (id, appointment_id, service_id, price, duration_minutes) VALUES ('b0901b78-55dd-43a5-a8bf-c12ec20f4595', '973baa3b-9d7c-489c-8f70-348dd5e1db11', '6f584d07-ca57-40d4-b699-3589d1accfb0', 35.0, 30) ON CONFLICT DO NOTHING;
INSERT INTO public.appointment_services (id, appointment_id, service_id, price, duration_minutes) VALUES ('948c3a9c-ce4b-4cc5-a357-bfb1f33ab417', '851ee059-4b96-4e38-a768-239bdb34bb16', '39aca120-d826-440d-b7f1-c940e9564238', 75.0, 60) ON CONFLICT DO NOTHING;
INSERT INTO public.appointment_services (id, appointment_id, service_id, price, duration_minutes) VALUES ('4648225f-7215-4ce8-bb77-04b40f8ca605', '1b67f173-a0c3-45e4-a98e-9b077f5ba007', 'e3fcb4d6-37ca-4d60-87ea-55f9d1b4be11', 25.0, 20) ON CONFLICT DO NOTHING;
INSERT INTO public.appointment_services (id, appointment_id, service_id, price, duration_minutes) VALUES ('51856b2a-14be-4ca4-baa5-450c317bf6cd', '985feb2d-4eae-407f-8a40-4e35147a63a0', '39aca120-d826-440d-b7f1-c940e9564238', 75.0, 60) ON CONFLICT DO NOTHING;
INSERT INTO public.appointment_services (id, appointment_id, service_id, price, duration_minutes) VALUES ('3cc5c10d-80b8-466d-853f-02969271ef30', '473beda7-b61b-42d9-90e8-e8216e97339d', '39aca120-d826-440d-b7f1-c940e9564238', 75.0, 60) ON CONFLICT DO NOTHING;
INSERT INTO public.appointment_services (id, appointment_id, service_id, price, duration_minutes) VALUES ('39abed5d-0983-41cf-b643-a38bde53aca6', '9681e2d2-facf-4d8c-9f99-1899a5a3ab7e', '16fb781c-bef1-4c74-b337-aedfc43aa5cb', 50.0, 40) ON CONFLICT DO NOTHING;
INSERT INTO public.appointment_services (id, appointment_id, service_id, price, duration_minutes) VALUES ('1b9fe673-b472-4dad-92a0-9fb100b7c247', '3f510309-95a7-459c-b89e-f9c4633a6e8e', '78421c04-e7c6-4eac-84f1-bfa6bd0107c4', 40.0, 30) ON CONFLICT DO NOTHING;
INSERT INTO public.appointment_services (id, appointment_id, service_id, price, duration_minutes) VALUES ('86bb65ba-0826-45c8-a049-b9ead3235bb7', '964b361a-c824-462d-ba4b-f8f978ae62b9', '78421c04-e7c6-4eac-84f1-bfa6bd0107c4', 40.0, 30) ON CONFLICT DO NOTHING;
INSERT INTO public.appointment_services (id, appointment_id, service_id, price, duration_minutes) VALUES ('bdd1532c-a82d-4d1a-97fd-3b3456a05310', '0e6dbbb4-7855-45b7-8d79-3a9069d7b8d3', '6f584d07-ca57-40d4-b699-3589d1accfb0', 35.0, 30) ON CONFLICT DO NOTHING;
INSERT INTO public.appointment_services (id, appointment_id, service_id, price, duration_minutes) VALUES ('8c670e92-f33b-4631-afc8-134c2ff49ea3', '201a40d5-852f-421c-bfb9-f90fefd602a7', '78421c04-e7c6-4eac-84f1-bfa6bd0107c4', 40.0, 30) ON CONFLICT DO NOTHING;
INSERT INTO public.appointment_services (id, appointment_id, service_id, price, duration_minutes) VALUES ('37232a42-f71b-48f5-86bf-8dd0eaf6e338', 'af44995c-d3da-4e8e-9574-24846b1e4453', '6f584d07-ca57-40d4-b699-3589d1accfb0', 35.0, 30) ON CONFLICT DO NOTHING;
INSERT INTO public.appointment_services (id, appointment_id, service_id, price, duration_minutes) VALUES ('9445dbf8-aef2-46d1-9e48-2485e308d7c3', '8e108c12-316d-4187-982e-fb9f1e955d68', '16fb781c-bef1-4c74-b337-aedfc43aa5cb', 50.0, 40) ON CONFLICT DO NOTHING;
INSERT INTO public.appointment_services (id, appointment_id, service_id, price, duration_minutes) VALUES ('b5727d9d-bfc1-4393-9bcd-9f9fd8835759', '7a45a252-4e51-4522-9ba3-a2d979e06577', '7139d5da-0a78-454f-80fb-58b5ae929ef2', 75.0, 60) ON CONFLICT DO NOTHING;
INSERT INTO public.appointment_services (id, appointment_id, service_id, price, duration_minutes) VALUES ('2b9d25ef-5483-49bb-9131-50c973918212', 'a2d8b06f-b6a4-42c7-897f-af0f2375b19d', '48194408-e861-4961-8ab4-d0aaaea8f8f1', 25.0, 20) ON CONFLICT DO NOTHING;
INSERT INTO public.appointment_services (id, appointment_id, service_id, price, duration_minutes) VALUES ('8f7d2936-5cbf-4579-84bd-5e3693ec0b3a', 'ce97ae60-38ca-405c-9945-cd3c78c27277', '6749be52-075f-4978-9bfe-8f0be86a9eec', 85.0, 90) ON CONFLICT DO NOTHING;
INSERT INTO public.appointment_services (id, appointment_id, service_id, price, duration_minutes) VALUES ('5c31631f-cf9b-4479-af99-24a21e8f4c94', '1a1cae49-9e64-4ac3-92a5-4e8741d2253e', 'cec94ff6-9a4f-4a8f-a12e-97ed7ff41037', 25.0, 20) ON CONFLICT DO NOTHING;
INSERT INTO public.appointment_services (id, appointment_id, service_id, price, duration_minutes) VALUES ('dfe19647-8cb6-402c-a2cf-b0b3e273b8d6', 'bc44b68e-f90d-48b5-b8eb-f8d72bb0b528', 'cbd159e0-4d8f-4cdc-b781-d7a50466ea1d', 30.0, 25) ON CONFLICT DO NOTHING;
INSERT INTO public.appointment_services (id, appointment_id, service_id, price, duration_minutes) VALUES ('b6a4845c-edbf-4aea-afd0-1688ff6be7dc', '0983c576-167b-49e2-8f38-828a8a25cb3b', 'ff30a5fb-2418-4d39-8d5a-64055f850be9', 15.0, 10) ON CONFLICT DO NOTHING;
INSERT INTO public.appointment_services (id, appointment_id, service_id, price, duration_minutes) VALUES ('3d71343b-933a-4b51-8911-2bee16e3c8a6', '4606d5e8-67d3-4fa1-b152-48942e95d666', 'ff30a5fb-2418-4d39-8d5a-64055f850be9', 15.0, 10) ON CONFLICT DO NOTHING;
INSERT INTO public.appointment_services (id, appointment_id, service_id, price, duration_minutes) VALUES ('705e2f30-5f49-4a89-a231-c96fceb75ff7', '4606d5e8-67d3-4fa1-b152-48942e95d666', '6749be52-075f-4978-9bfe-8f0be86a9eec', 85.0, 90) ON CONFLICT DO NOTHING;
INSERT INTO public.appointment_services (id, appointment_id, service_id, price, duration_minutes) VALUES ('236555f6-91ee-472a-a726-465cbe08e814', 'f490259d-6615-4d7c-b327-b4ee1db8acfa', '7462299d-6bd3-4bb0-a230-bba302f74c37', 35.0, 30) ON CONFLICT DO NOTHING;
INSERT INTO public.appointment_services (id, appointment_id, service_id, price, duration_minutes) VALUES ('9176ba8c-4e5b-4343-89f9-8a052f2d71f5', 'c7467b0a-e310-4f3a-b2dc-2d621796b944', 'ff30a5fb-2418-4d39-8d5a-64055f850be9', 15.0, 10) ON CONFLICT DO NOTHING;
INSERT INTO public.appointment_services (id, appointment_id, service_id, price, duration_minutes) VALUES ('02c6fb01-bc53-4186-9112-4230c2d2a9df', 'c7467b0a-e310-4f3a-b2dc-2d621796b944', 'cbd159e0-4d8f-4cdc-b781-d7a50466ea1d', 30.0, 25) ON CONFLICT DO NOTHING;
INSERT INTO public.appointment_services (id, appointment_id, service_id, price, duration_minutes) VALUES ('9f3d8df3-1544-42c5-a91f-3039f856051c', '17e192fb-b7a9-43cd-8964-c9b0fbc07cb0', 'cbd159e0-4d8f-4cdc-b781-d7a50466ea1d', 30.0, 25) ON CONFLICT DO NOTHING;
INSERT INTO public.appointment_services (id, appointment_id, service_id, price, duration_minutes) VALUES ('68338a6e-7e62-42b3-8857-4161d7821a3d', '4d6a6e16-32a2-458b-a072-696ed1ad012c', 'cbd159e0-4d8f-4cdc-b781-d7a50466ea1d', 30.0, 25) ON CONFLICT DO NOTHING;
INSERT INTO public.appointment_services (id, appointment_id, service_id, price, duration_minutes) VALUES ('c3486e96-8194-4ce7-9d07-b6872a552f48', 'd5565369-b7a9-408b-abb9-2cb244a15326', '39aca120-d826-440d-b7f1-c940e9564238', 82.5, 60) ON CONFLICT DO NOTHING;
INSERT INTO public.appointment_services (id, appointment_id, service_id, price, duration_minutes) VALUES ('c9e0311f-8619-4a67-957f-c833775e8be9', 'b65b025a-4539-47c7-ac2a-84edf5f5233c', '39aca120-d826-440d-b7f1-c940e9564238', 82.5, 60) ON CONFLICT DO NOTHING;
INSERT INTO public.appointment_services (id, appointment_id, service_id, price, duration_minutes) VALUES ('6f4ab577-2173-4fe8-8803-77a762b1122d', '2a057576-359a-4cc7-823b-96236fad940f', '39aca120-d826-440d-b7f1-c940e9564238', 75.0, 60) ON CONFLICT DO NOTHING;
INSERT INTO public.appointment_services (id, appointment_id, service_id, price, duration_minutes) VALUES ('e00537f1-21d4-4c31-840c-645f9afde980', '461203a9-6d4a-4c70-a8ad-9de986361ed4', '6f584d07-ca57-40d4-b699-3589d1accfb0', 35.0, 30) ON CONFLICT DO NOTHING;
INSERT INTO public.appointment_services (id, appointment_id, service_id, price, duration_minutes) VALUES ('ff7caec7-4ac3-486e-b247-47d30ea93ec9', 'fa017cec-7fe4-4850-91ae-da2f6c8feb21', 'e3fcb4d6-37ca-4d60-87ea-55f9d1b4be11', 25.0, 20) ON CONFLICT DO NOTHING;
INSERT INTO public.appointment_services (id, appointment_id, service_id, price, duration_minutes) VALUES ('66ac62e5-299a-4ea1-84b6-f4a474461f58', '66a4a0b8-e9c5-4e96-b416-4b0eae7b5859', 'e3fcb4d6-37ca-4d60-87ea-55f9d1b4be11', 25.0, 20) ON CONFLICT DO NOTHING;
INSERT INTO public.appointment_services (id, appointment_id, service_id, price, duration_minutes) VALUES ('ecd2e6b5-f005-49a8-b828-d8cfea7ce06a', '84c3db28-73a8-4bc6-9788-ef7f93ba6aa4', '39aca120-d826-440d-b7f1-c940e9564238', 75.0, 60) ON CONFLICT DO NOTHING;
INSERT INTO public.appointment_services (id, appointment_id, service_id, price, duration_minutes) VALUES ('9e6f7c09-1a9c-40b2-8582-e227ee24bcca', 'd13211d7-5783-4e9e-b7ee-f2d183096c50', '48194408-e861-4961-8ab4-d0aaaea8f8f1', 25.0, 20) ON CONFLICT DO NOTHING;
INSERT INTO public.appointment_services (id, appointment_id, service_id, price, duration_minutes) VALUES ('e64fa584-8583-4aab-9075-401f314a6757', '4ef66269-20ad-48ea-a2a9-e633b3b53acf', 'dc90f263-02f9-45bd-81e1-58ff35967e7c', 60.0, 45) ON CONFLICT DO NOTHING;
INSERT INTO public.appointment_services (id, appointment_id, service_id, price, duration_minutes) VALUES ('750dfe00-353d-4a0c-b7ff-444fe66cee10', 'f1366820-749d-44f7-83d0-085a61d447c9', '7139d5da-0a78-454f-80fb-58b5ae929ef2', 75.0, 60) ON CONFLICT DO NOTHING;
INSERT INTO public.appointment_services (id, appointment_id, service_id, price, duration_minutes) VALUES ('4dca18b4-3cc8-44be-9019-2eb881958743', 'ec5ce9bc-032d-4675-927a-d26cfe77b3e0', '16fb781c-bef1-4c74-b337-aedfc43aa5cb', 50.0, 40) ON CONFLICT DO NOTHING;
INSERT INTO public.appointment_services (id, appointment_id, service_id, price, duration_minutes) VALUES ('65d7c6fb-7954-4e20-9dd1-0334ee36ac1d', '5e163f77-d146-4e6c-8197-3b0ee0312886', '6f584d07-ca57-40d4-b699-3589d1accfb0', 35.0, 30) ON CONFLICT DO NOTHING;
INSERT INTO public.appointment_services (id, appointment_id, service_id, price, duration_minutes) VALUES ('ff2e4ba6-7e22-44ab-b9d0-451cb319a3bc', 'c7d39cc5-2b3f-4c9f-9757-701811a0c8c0', 'e3fcb4d6-37ca-4d60-87ea-55f9d1b4be11', 25.0, 20) ON CONFLICT DO NOTHING;
INSERT INTO public.appointment_services (id, appointment_id, service_id, price, duration_minutes) VALUES ('64e996ba-5d60-49f1-adab-7b61f28bcd51', 'f5578ceb-571d-4b97-947a-6777c5ab5a8c', 'e3fcb4d6-37ca-4d60-87ea-55f9d1b4be11', 25.0, 20) ON CONFLICT DO NOTHING;
INSERT INTO public.appointment_services (id, appointment_id, service_id, price, duration_minutes) VALUES ('99d0c90a-4559-4457-bc1c-059cbc1d2444', '24c8438d-1431-45f5-a396-18849334b245', '39aca120-d826-440d-b7f1-c940e9564238', 75.0, 60) ON CONFLICT DO NOTHING;
INSERT INTO public.appointment_services (id, appointment_id, service_id, price, duration_minutes) VALUES ('25f5f85b-357b-4b7e-9e77-bacceb8e2040', '7e27e213-bee3-4a7a-877c-a9c6d1a637a4', 'dc90f263-02f9-45bd-81e1-58ff35967e7c', 60.0, 45) ON CONFLICT DO NOTHING;
INSERT INTO public.appointment_services (id, appointment_id, service_id, price, duration_minutes) VALUES ('467147ce-3afb-4f9f-9c95-acbc21b3bb5d', 'e3546b37-7967-4449-9611-edb0fa9d63f7', '7462299d-6bd3-4bb0-a230-bba302f74c37', 35.0, 30) ON CONFLICT DO NOTHING;
INSERT INTO public.appointment_services (id, appointment_id, service_id, price, duration_minutes) VALUES ('932f0a98-922f-4171-9b4b-36c408f3a124', '3b4e199c-908c-497b-995c-8268223d2d50', 'e3fcb4d6-37ca-4d60-87ea-55f9d1b4be11', 25.0, 20) ON CONFLICT DO NOTHING;
INSERT INTO public.appointment_services (id, appointment_id, service_id, price, duration_minutes) VALUES ('10a87e3d-f019-45ec-bf66-c28c375fda44', 'bab4a50e-0ad7-45de-b337-1a27db6d9733', 'e3fcb4d6-37ca-4d60-87ea-55f9d1b4be11', 25.0, 20) ON CONFLICT DO NOTHING;
INSERT INTO public.appointment_services (id, appointment_id, service_id, price, duration_minutes) VALUES ('2f9658a2-a01e-4990-9d5a-2d80b72b864d', 'ca2cf053-a091-4897-822d-9007cbf5724c', '7462299d-6bd3-4bb0-a230-bba302f74c37', 35.0, 30) ON CONFLICT DO NOTHING;
INSERT INTO public.appointment_services (id, appointment_id, service_id, price, duration_minutes) VALUES ('9ce121f1-f74d-4dbc-bfb5-ebe77b177a4e', '9342aa22-4241-4b7f-b509-74c6c0c9f251', '48194408-e861-4961-8ab4-d0aaaea8f8f1', 25.0, 20) ON CONFLICT DO NOTHING;
INSERT INTO public.appointment_services (id, appointment_id, service_id, price, duration_minutes) VALUES ('923f20dc-5c42-41fc-ab2f-f6495d8fff70', '563cd7ff-c079-42fe-8a52-727270479467', 'e3fcb4d6-37ca-4d60-87ea-55f9d1b4be11', 25.0, 20) ON CONFLICT DO NOTHING;
INSERT INTO public.appointment_services (id, appointment_id, service_id, price, duration_minutes) VALUES ('4e30e160-fbe4-4570-b99a-a18324cec253', 'e6de672e-d20c-4f51-ab82-26dccde9fa12', 'e3fcb4d6-37ca-4d60-87ea-55f9d1b4be11', 25.0, 20) ON CONFLICT DO NOTHING;
INSERT INTO public.appointment_services (id, appointment_id, service_id, price, duration_minutes) VALUES ('4b121981-4d96-4ad7-97d3-a6f9dccde9d6', '507b809a-5f41-4b03-bf95-e4f7760c5ccc', 'e3fcb4d6-37ca-4d60-87ea-55f9d1b4be11', 25.0, 20) ON CONFLICT DO NOTHING;
INSERT INTO public.appointment_services (id, appointment_id, service_id, price, duration_minutes) VALUES ('cc0d8b8f-c2cd-4141-804b-427e221fa680', '9c6ebbc3-f1cb-47e0-85ad-154e63ff8c16', '7462299d-6bd3-4bb0-a230-bba302f74c37', 35.0, 30) ON CONFLICT DO NOTHING;
INSERT INTO public.appointment_services (id, appointment_id, service_id, price, duration_minutes) VALUES ('7c5a2d3c-3029-49fd-8db9-7b85fe8cbd53', '0991fb6a-79fd-4907-80ae-b17f2f298c16', '6ebc91cb-d8a7-4b15-a70c-39a4a139043d', 40.0, 30) ON CONFLICT DO NOTHING;
INSERT INTO public.appointment_services (id, appointment_id, service_id, price, duration_minutes) VALUES ('4767a078-8969-44b4-8b5b-126a81846805', '953fb6c9-ce78-42d7-8900-1f1746a5007f', '7139d5da-0a78-454f-80fb-58b5ae929ef2', 75.0, 60) ON CONFLICT DO NOTHING;
INSERT INTO public.appointment_services (id, appointment_id, service_id, price, duration_minutes) VALUES ('575624ec-43a5-4689-948c-8fd4e51f23b0', 'b0b337d9-ac5d-4c25-b20a-b9620e7e9d8d', '7462299d-6bd3-4bb0-a230-bba302f74c37', 35.0, 30) ON CONFLICT DO NOTHING;
INSERT INTO public.appointment_services (id, appointment_id, service_id, price, duration_minutes) VALUES ('f031754b-8504-4d5c-bc4e-f9ff08dbec7b', 'b0b337d9-ac5d-4c25-b20a-b9620e7e9d8d', 'ff30a5fb-2418-4d39-8d5a-64055f850be9', 15.0, 10) ON CONFLICT DO NOTHING;
INSERT INTO public.appointment_services (id, appointment_id, service_id, price, duration_minutes) VALUES ('a0dd6552-3cf4-4961-aabc-bfff6c7aff83', 'e89b357a-4650-4452-8608-fafa6a71e89c', '6f584d07-ca57-40d4-b699-3589d1accfb0', 35.0, 30) ON CONFLICT DO NOTHING;
INSERT INTO public.appointment_services (id, appointment_id, service_id, price, duration_minutes) VALUES ('a5f98edc-81cc-4b42-bf25-8f2529546186', '6d3e5d4a-b0c6-44c1-aab5-f096853b69d9', '6f584d07-ca57-40d4-b699-3589d1accfb0', 35.0, 30) ON CONFLICT DO NOTHING;
INSERT INTO public.appointment_services (id, appointment_id, service_id, price, duration_minutes) VALUES ('bec11a96-2230-42f3-bb31-8b078fba9b57', 'd2190a8d-a9af-4dbf-9014-cb23d227cb73', '6f584d07-ca57-40d4-b699-3589d1accfb0', 35.0, 30) ON CONFLICT DO NOTHING;
INSERT INTO public.appointment_services (id, appointment_id, service_id, price, duration_minutes) VALUES ('25802be3-5d24-48bc-84fc-314232d2002a', '262717d1-cc23-4ab4-a1b7-7e75f86306bd', 'e3fcb4d6-37ca-4d60-87ea-55f9d1b4be11', 25.0, 20) ON CONFLICT DO NOTHING;
INSERT INTO public.appointment_services (id, appointment_id, service_id, price, duration_minutes) VALUES ('d815169f-bf3f-4d21-9396-a816864ea71b', 'bc07164f-2a64-47ed-aaff-c0d4e3ae0005', '48194408-e861-4961-8ab4-d0aaaea8f8f1', 25.0, 20) ON CONFLICT DO NOTHING;
INSERT INTO public.appointment_services (id, appointment_id, service_id, price, duration_minutes) VALUES ('b068b5c5-1ff6-4273-b0c4-64b66b32217f', '4cf488f3-13ce-4f08-93e5-daab1aa65592', '48194408-e861-4961-8ab4-d0aaaea8f8f1', 25.0, 20) ON CONFLICT DO NOTHING;
INSERT INTO public.appointment_services (id, appointment_id, service_id, price, duration_minutes) VALUES ('d957e0b9-5910-41f2-b8f2-a4783f0ae5fe', 'd6f609c3-21b7-438b-9f9d-f5065d153045', '48194408-e861-4961-8ab4-d0aaaea8f8f1', 25.0, 20) ON CONFLICT DO NOTHING;
INSERT INTO public.appointment_services (id, appointment_id, service_id, price, duration_minutes) VALUES ('8d2921f1-63ee-4394-908f-7c4deffed404', '44fd0dec-5c4b-428b-884c-820765faff38', '7462299d-6bd3-4bb0-a230-bba302f74c37', 35.0, 30) ON CONFLICT DO NOTHING;
INSERT INTO public.appointment_services (id, appointment_id, service_id, price, duration_minutes) VALUES ('68e7d2c5-47b4-41d7-8ecc-5ca8be2e050e', 'df9f327b-0f61-416e-890f-aed063b6b907', '7462299d-6bd3-4bb0-a230-bba302f74c37', 35.0, 30) ON CONFLICT DO NOTHING;
INSERT INTO public.appointment_services (id, appointment_id, service_id, price, duration_minutes) VALUES ('573e6840-fa06-405f-aed2-d4e629e8c80c', '15869882-b884-4bc1-bb94-144983ef9632', '7462299d-6bd3-4bb0-a230-bba302f74c37', 35.0, 30) ON CONFLICT DO NOTHING;
INSERT INTO public.appointment_services (id, appointment_id, service_id, price, duration_minutes) VALUES ('c8f48fa9-9cfe-4caf-9d91-848c672d5494', 'd4ab6e8c-7848-4165-add4-8949f1139f1a', '6f584d07-ca57-40d4-b699-3589d1accfb0', 35.0, 30) ON CONFLICT DO NOTHING;
INSERT INTO public.appointment_services (id, appointment_id, service_id, price, duration_minutes) VALUES ('a1d9e09c-52c7-474c-93ce-f9338676a9de', 'dcd8d37a-35a6-4104-acf9-660686450b40', '7139d5da-0a78-454f-80fb-58b5ae929ef2', 75.0, 60) ON CONFLICT DO NOTHING;
INSERT INTO public.appointment_services (id, appointment_id, service_id, price, duration_minutes) VALUES ('32223c05-a0b1-4c0b-a784-0e21eb3c487e', '8847b51f-2dc0-4b2e-859f-2fa87115ac21', '7462299d-6bd3-4bb0-a230-bba302f74c37', 35.0, 30) ON CONFLICT DO NOTHING;
INSERT INTO public.appointment_services (id, appointment_id, service_id, price, duration_minutes) VALUES ('76bfc7e0-a0dc-4ae9-bafb-e71bae6e3fd7', '08fc5af1-798e-415a-9c3e-6676e2d8dd05', '48194408-e861-4961-8ab4-d0aaaea8f8f1', 25.0, 20) ON CONFLICT DO NOTHING;
INSERT INTO public.appointment_services (id, appointment_id, service_id, price, duration_minutes) VALUES ('4349896e-68d9-4c86-838d-0939d8ea69f4', '7be2cbf2-c026-4c32-be2d-e8b0319b9a28', '6f584d07-ca57-40d4-b699-3589d1accfb0', 35.0, 30) ON CONFLICT DO NOTHING;
INSERT INTO public.appointment_services (id, appointment_id, service_id, price, duration_minutes) VALUES ('4ed99e36-5f8c-4067-906a-90321b191b0c', '30d4d06f-c166-4d84-921b-ebc6ed0f176d', '6f584d07-ca57-40d4-b699-3589d1accfb0', 35.0, 30) ON CONFLICT DO NOTHING;
INSERT INTO public.appointment_services (id, appointment_id, service_id, price, duration_minutes) VALUES ('4e958c02-0514-40c9-997a-a6e9ebac6594', '8150eecd-2f4e-4791-9284-b5f158638ba0', '48194408-e861-4961-8ab4-d0aaaea8f8f1', 25.0, 20) ON CONFLICT DO NOTHING;
INSERT INTO public.appointment_services (id, appointment_id, service_id, price, duration_minutes) VALUES ('8683cc63-14a2-4c8f-85a9-6c6957c29a9f', 'f54cae69-3221-4952-a356-2fd1ab244411', '6f584d07-ca57-40d4-b699-3589d1accfb0', 35.0, 30) ON CONFLICT DO NOTHING;
INSERT INTO public.appointment_services (id, appointment_id, service_id, price, duration_minutes) VALUES ('f33b4047-f4f9-4597-b3c7-88e8f55b056b', 'c0d43d7a-f1b6-435f-93fd-f14cfce1348d', 'e3fcb4d6-37ca-4d60-87ea-55f9d1b4be11', 25.0, 20) ON CONFLICT DO NOTHING;
INSERT INTO public.appointment_services (id, appointment_id, service_id, price, duration_minutes) VALUES ('be48d779-9e58-4be6-9e05-0d3355a589c1', '83691bcc-07fb-4401-bdf3-834a3e1a8122', 'e3fcb4d6-37ca-4d60-87ea-55f9d1b4be11', 25.0, 20) ON CONFLICT DO NOTHING;
INSERT INTO public.appointment_services (id, appointment_id, service_id, price, duration_minutes) VALUES ('78ff209e-9948-422b-b896-f59b796ec28a', '5131596f-2bd9-4780-9582-e8ae5734ba41', 'e3fcb4d6-37ca-4d60-87ea-55f9d1b4be11', 25.0, 20) ON CONFLICT DO NOTHING;
INSERT INTO public.appointment_services (id, appointment_id, service_id, price, duration_minutes) VALUES ('d8767b8c-b28c-4ff1-b7bf-b509b45fc91d', 'd051f380-2231-4a07-b804-74c4b628d443', 'e3fcb4d6-37ca-4d60-87ea-55f9d1b4be11', 25.0, 20) ON CONFLICT DO NOTHING;
INSERT INTO public.appointment_services (id, appointment_id, service_id, price, duration_minutes) VALUES ('bae172d4-5b77-4858-b22d-6a7dc67e5d05', 'b144c21a-30f3-41c4-a080-9ec77971bec3', 'e3fcb4d6-37ca-4d60-87ea-55f9d1b4be11', 25.0, 20) ON CONFLICT DO NOTHING;
INSERT INTO public.appointment_services (id, appointment_id, service_id, price, duration_minutes) VALUES ('33978532-0652-4565-bdef-37e91b5791eb', 'd35c9a81-5003-4fbb-96e8-1f3c7dbdcd94', 'e3fcb4d6-37ca-4d60-87ea-55f9d1b4be11', 25.0, 20) ON CONFLICT DO NOTHING;
INSERT INTO public.appointment_services (id, appointment_id, service_id, price, duration_minutes) VALUES ('364caef2-05bc-47f2-a489-efb6d0a5c123', '0de25bec-774f-43b2-90ab-7c3141b267f8', 'e3fcb4d6-37ca-4d60-87ea-55f9d1b4be11', 25.0, 20) ON CONFLICT DO NOTHING;
INSERT INTO public.appointment_services (id, appointment_id, service_id, price, duration_minutes) VALUES ('3e7a4fcf-0124-4e20-ba1b-b72caa2709a0', '8ccf4522-351f-4f50-9ca0-00bf18c3b45c', 'e3fcb4d6-37ca-4d60-87ea-55f9d1b4be11', 25.0, 20) ON CONFLICT DO NOTHING;
INSERT INTO public.appointment_services (id, appointment_id, service_id, price, duration_minutes) VALUES ('f6453ebc-cea5-442e-a83b-df2b9d37969c', '349d173b-566b-4412-a391-62ab49e65a91', 'e3fcb4d6-37ca-4d60-87ea-55f9d1b4be11', 25.0, 20) ON CONFLICT DO NOTHING;
INSERT INTO public.appointment_services (id, appointment_id, service_id, price, duration_minutes) VALUES ('345799f7-e1cd-4201-933e-a19c69ef662e', 'a993ff76-7381-45e9-af19-4c4209a2d6f4', 'e3fcb4d6-37ca-4d60-87ea-55f9d1b4be11', 25.0, 20) ON CONFLICT DO NOTHING;
INSERT INTO public.appointment_services (id, appointment_id, service_id, price, duration_minutes) VALUES ('dd8a3f16-0072-4c34-b223-8b4170d44584', '8cd5fff0-e04a-4d62-9f27-fd87949dca9e', '78421c04-e7c6-4eac-84f1-bfa6bd0107c4', 40.0, 30) ON CONFLICT DO NOTHING;
INSERT INTO public.appointment_services (id, appointment_id, service_id, price, duration_minutes) VALUES ('6f17e9c5-71b6-4b8d-b2d1-5d12d5017095', 'b6a1717c-2bd5-4dcc-91f4-2f8ac3ef7012', '6ebc91cb-d8a7-4b15-a70c-39a4a139043d', 40.0, 30) ON CONFLICT DO NOTHING;
INSERT INTO public.appointment_services (id, appointment_id, service_id, price, duration_minutes) VALUES ('6c9c6e5f-f33b-45e5-9dea-6486a677c1eb', '230007af-d068-4eb6-bdbc-9f6d7ce1bb65', '78421c04-e7c6-4eac-84f1-bfa6bd0107c4', 40.0, 30) ON CONFLICT DO NOTHING;
INSERT INTO public.appointment_services (id, appointment_id, service_id, price, duration_minutes) VALUES ('066ab6b9-24e8-419e-9b08-9bf4f236313f', 'a7c68e04-468a-4371-8756-7adb5402d783', 'cbd159e0-4d8f-4cdc-b781-d7a50466ea1d', 30.0, 25) ON CONFLICT DO NOTHING;
INSERT INTO public.appointment_services (id, appointment_id, service_id, price, duration_minutes) VALUES ('848a3bc3-1a4a-486a-a9bb-bc3ee6f3381e', '4ff9add4-8893-4517-a2b7-9ca0f2faf4a7', '78421c04-e7c6-4eac-84f1-bfa6bd0107c4', 40.0, 30) ON CONFLICT DO NOTHING;
INSERT INTO public.appointment_services (id, appointment_id, service_id, price, duration_minutes) VALUES ('8121b846-4f02-499a-8196-6bac7e7218ef', '126f8290-62b6-43ea-bf37-2579595d1abe', '78421c04-e7c6-4eac-84f1-bfa6bd0107c4', 40.0, 30) ON CONFLICT DO NOTHING;
INSERT INTO public.appointment_services (id, appointment_id, service_id, price, duration_minutes) VALUES ('b9cabf4b-23a4-41bd-bacc-ed060609f216', '59eb2bf4-0299-4592-b00a-90c3a547bd03', '39aca120-d826-440d-b7f1-c940e9564238', 75.0, 60) ON CONFLICT DO NOTHING;
INSERT INTO public.appointment_services (id, appointment_id, service_id, price, duration_minutes) VALUES ('e36c588c-69e2-41fe-a8bd-658bf939beee', 'bc5cdf1f-ccf2-40b9-927c-0812986f6733', 'e3fcb4d6-37ca-4d60-87ea-55f9d1b4be11', 25.0, 20) ON CONFLICT DO NOTHING;
INSERT INTO public.appointment_services (id, appointment_id, service_id, price, duration_minutes) VALUES ('980c2a61-4dcf-4dac-8295-52c682c11ed7', 'a9acfd01-ff71-4c9e-b239-d3c142305ebb', 'e3fcb4d6-37ca-4d60-87ea-55f9d1b4be11', 25.0, 20) ON CONFLICT DO NOTHING;
INSERT INTO public.appointment_services (id, appointment_id, service_id, price, duration_minutes) VALUES ('01dd5551-14dc-46e1-8cd4-d4b719565706', 'cb97edf0-fe57-4501-a42b-74d286adfc26', 'e3fcb4d6-37ca-4d60-87ea-55f9d1b4be11', 25.0, 20) ON CONFLICT DO NOTHING;
INSERT INTO public.appointment_services (id, appointment_id, service_id, price, duration_minutes) VALUES ('62392ecc-8a4e-4a3e-8b6a-b46f635d8c10', 'e9868743-2436-4836-b354-7705fa036112', 'e3fcb4d6-37ca-4d60-87ea-55f9d1b4be11', 25.0, 20) ON CONFLICT DO NOTHING;
INSERT INTO public.appointment_services (id, appointment_id, service_id, price, duration_minutes) VALUES ('9f2f8e72-73c7-45c2-a7ee-c7b89c358e21', 'd8cf8aa8-6a25-46c9-b117-754637a117ba', 'e6b629e3-3fc1-48f2-84d5-55f1e61bb040', 50.0, 40) ON CONFLICT DO NOTHING;
INSERT INTO public.appointment_services (id, appointment_id, service_id, price, duration_minutes) VALUES ('dd94053b-2dfe-461d-8bf8-bc86b8ec3fc4', 'd8cf8aa8-6a25-46c9-b117-754637a117ba', 'cbd159e0-4d8f-4cdc-b781-d7a50466ea1d', 30.0, 25) ON CONFLICT DO NOTHING;
INSERT INTO public.appointment_services (id, appointment_id, service_id, price, duration_minutes) VALUES ('a390555f-537b-47e0-8647-706189d040ef', 'd0307ccf-ff82-4f70-b206-f8cbab26a9a6', 'cbd159e0-4d8f-4cdc-b781-d7a50466ea1d', 30.0, 25) ON CONFLICT DO NOTHING;
INSERT INTO public.appointment_services (id, appointment_id, service_id, price, duration_minutes) VALUES ('bffa2021-341f-4812-9a76-c21cd3ef92c6', '24d58db3-00da-41bc-b83a-67707d5493ac', '7462299d-6bd3-4bb0-a230-bba302f74c37', 35.0, 30) ON CONFLICT DO NOTHING;
INSERT INTO public.appointment_services (id, appointment_id, service_id, price, duration_minutes) VALUES ('5831b6ae-295d-4c14-a64d-e1e0481eab56', '24d58db3-00da-41bc-b83a-67707d5493ac', '48194408-e861-4961-8ab4-d0aaaea8f8f1', 25.0, 20) ON CONFLICT DO NOTHING;
INSERT INTO public.appointment_services (id, appointment_id, service_id, price, duration_minutes) VALUES ('851966d6-75a6-4f93-9563-86a2bc0a60e5', '2fccfa2d-c877-4ba8-823d-6e61f986d19c', '48194408-e861-4961-8ab4-d0aaaea8f8f1', 25.0, 20) ON CONFLICT DO NOTHING;
INSERT INTO public.appointment_services (id, appointment_id, service_id, price, duration_minutes) VALUES ('f9e12ef1-cbc3-4751-b570-c4c39f2d554a', '38f4a81c-7e53-4ff9-86b6-98ecd2d26e28', 'e6b629e3-3fc1-48f2-84d5-55f1e61bb040', 50.0, 40) ON CONFLICT DO NOTHING;
INSERT INTO public.appointment_services (id, appointment_id, service_id, price, duration_minutes) VALUES ('1707f481-b70b-4875-8cf3-953515e2ba03', '35e3182b-245e-4ef6-9164-caec681e45ab', '7462299d-6bd3-4bb0-a230-bba302f74c37', 35.0, 30) ON CONFLICT DO NOTHING;
INSERT INTO public.appointment_services (id, appointment_id, service_id, price, duration_minutes) VALUES ('7bba10e8-6cdb-49c5-95f7-c2ad22a5c7fc', '5b9631ec-a52c-4040-9bc5-75884a50340e', 'cec94ff6-9a4f-4a8f-a12e-97ed7ff41037', 25.0, 20) ON CONFLICT DO NOTHING;
INSERT INTO public.appointment_services (id, appointment_id, service_id, price, duration_minutes) VALUES ('d01e2aa0-2968-4af6-a11f-076169cdab76', '5e8cb0de-ea20-4cb4-85d1-00dae7fb7bd8', 'ff30a5fb-2418-4d39-8d5a-64055f850be9', 15.0, 10) ON CONFLICT DO NOTHING;
INSERT INTO public.appointment_services (id, appointment_id, service_id, price, duration_minutes) VALUES ('3ba2bd05-b67c-430b-a3db-aa0996780cf1', '5e8cb0de-ea20-4cb4-85d1-00dae7fb7bd8', '7139d5da-0a78-454f-80fb-58b5ae929ef2', 75.0, 60) ON CONFLICT DO NOTHING;
INSERT INTO public.appointment_services (id, appointment_id, service_id, price, duration_minutes) VALUES ('7c1808bf-7386-463d-90e5-7d69a681f113', 'd231d858-c311-4e48-bb5f-3239be81b402', '7462299d-6bd3-4bb0-a230-bba302f74c37', 35.0, 30) ON CONFLICT DO NOTHING;
INSERT INTO public.appointment_services (id, appointment_id, service_id, price, duration_minutes) VALUES ('29dcfb4d-103c-4da6-b022-9f7817b23ada', '2fb9309d-07bc-4220-8edd-014576e25cb2', 'e3fcb4d6-37ca-4d60-87ea-55f9d1b4be11', 25.0, 20) ON CONFLICT DO NOTHING;
INSERT INTO public.appointment_services (id, appointment_id, service_id, price, duration_minutes) VALUES ('76648c8f-59f4-4791-910c-cd6406352d9c', '159a1cb6-22f5-4b07-81a3-c94423eee069', '7139d5da-0a78-454f-80fb-58b5ae929ef2', 75.0, 60) ON CONFLICT DO NOTHING;
INSERT INTO public.appointment_services (id, appointment_id, service_id, price, duration_minutes) VALUES ('a0ab22ac-32c1-45f3-87b4-5f16aa282a14', '4b47bfc4-1df4-4acd-afe0-766019975a79', 'ff30a5fb-2418-4d39-8d5a-64055f850be9', 15.0, 10) ON CONFLICT DO NOTHING;
INSERT INTO public.appointment_services (id, appointment_id, service_id, price, duration_minutes) VALUES ('d6451da7-3d16-470e-98f2-2d9da899e46c', 'b90ae427-f9a7-4c92-b046-e09853e6fc76', 'ff30a5fb-2418-4d39-8d5a-64055f850be9', 15.0, 10) ON CONFLICT DO NOTHING;
INSERT INTO public.appointment_services (id, appointment_id, service_id, price, duration_minutes) VALUES ('fa3ecb51-3220-4c1d-a9b8-1120580ce43c', '692252f4-42ff-4238-a26f-4aa64896d4f0', '48194408-e861-4961-8ab4-d0aaaea8f8f1', 25.0, 20) ON CONFLICT DO NOTHING;
INSERT INTO public.appointment_services (id, appointment_id, service_id, price, duration_minutes) VALUES ('18d0cb8d-3826-42eb-890b-a61afb2da5d3', '9cfc4a64-6f2c-4fc8-ad41-0ec4800b3d70', 'ff30a5fb-2418-4d39-8d5a-64055f850be9', 15.0, 10) ON CONFLICT DO NOTHING;
INSERT INTO public.appointment_services (id, appointment_id, service_id, price, duration_minutes) VALUES ('ca65ee92-cf0b-46a8-b93e-e9b5d1a32188', 'f77d94c1-8c44-48ec-8601-fce87e25a2aa', 'e6b629e3-3fc1-48f2-84d5-55f1e61bb040', 50.0, 40) ON CONFLICT DO NOTHING;

-- Dumping 14 rows for business_hours
INSERT INTO public.business_hours (id, company_id, day_of_week, open_time, lunch_start, lunch_end, close_time, is_closed) VALUES ('35786851-d2ba-405b-9dd5-ea215d7901ed', 'ba00be4b-a872-4d08-880a-a5033b40ed3f', 0, '09:00:00', NULL, NULL, '18:00:00', true) ON CONFLICT DO NOTHING;
INSERT INTO public.business_hours (id, company_id, day_of_week, open_time, lunch_start, lunch_end, close_time, is_closed) VALUES ('3f331b61-d2d7-4970-aa67-4217971d89f2', 'ba00be4b-a872-4d08-880a-a5033b40ed3f', 1, '09:00:00', '12:00:00', '13:00:00', '18:00:00', false) ON CONFLICT DO NOTHING;
INSERT INTO public.business_hours (id, company_id, day_of_week, open_time, lunch_start, lunch_end, close_time, is_closed) VALUES ('f62a36e4-4002-4d59-ae73-2d1a88d570fb', 'ba00be4b-a872-4d08-880a-a5033b40ed3f', 2, '09:00:00', '12:00:00', '13:00:00', '18:00:00', false) ON CONFLICT DO NOTHING;
INSERT INTO public.business_hours (id, company_id, day_of_week, open_time, lunch_start, lunch_end, close_time, is_closed) VALUES ('c0b29dc8-47e8-4254-b948-42cb1c79748f', 'ba00be4b-a872-4d08-880a-a5033b40ed3f', 3, '09:00:00', '12:00:00', '13:00:00', '18:00:00', false) ON CONFLICT DO NOTHING;
INSERT INTO public.business_hours (id, company_id, day_of_week, open_time, lunch_start, lunch_end, close_time, is_closed) VALUES ('97abab59-9646-4b2e-a389-dfa3adbb087c', 'ba00be4b-a872-4d08-880a-a5033b40ed3f', 4, '09:00:00', '12:00:00', '13:00:00', '18:00:00', false) ON CONFLICT DO NOTHING;
INSERT INTO public.business_hours (id, company_id, day_of_week, open_time, lunch_start, lunch_end, close_time, is_closed) VALUES ('63ade8bc-3d43-435e-b981-0b79c7986eb7', 'ba00be4b-a872-4d08-880a-a5033b40ed3f', 5, '09:00:00', '12:00:00', '13:00:00', '18:00:00', false) ON CONFLICT DO NOTHING;
INSERT INTO public.business_hours (id, company_id, day_of_week, open_time, lunch_start, lunch_end, close_time, is_closed) VALUES ('347ead13-2175-40df-b386-5987084c0f14', 'ba00be4b-a872-4d08-880a-a5033b40ed3f', 6, '09:00:00', '12:00:00', '13:00:00', '18:00:00', false) ON CONFLICT DO NOTHING;
INSERT INTO public.business_hours (id, company_id, day_of_week, open_time, lunch_start, lunch_end, close_time, is_closed) VALUES ('f5991d37-5952-43a8-a303-fa93f87f42cb', '746ad0ac-8aea-468c-8bda-a89b87bef60c', 0, '09:00:00', NULL, NULL, '18:00:00', true) ON CONFLICT DO NOTHING;
INSERT INTO public.business_hours (id, company_id, day_of_week, open_time, lunch_start, lunch_end, close_time, is_closed) VALUES ('5339a0c9-bd74-4d2e-9236-6de33edb3550', '746ad0ac-8aea-468c-8bda-a89b87bef60c', 1, '09:00:00', '12:00:00', '13:00:00', '18:00:00', true) ON CONFLICT DO NOTHING;
INSERT INTO public.business_hours (id, company_id, day_of_week, open_time, lunch_start, lunch_end, close_time, is_closed) VALUES ('6bd71a95-298f-4536-aa16-4ff697c494d5', '746ad0ac-8aea-468c-8bda-a89b87bef60c', 2, '09:00:00', '12:00:00', '13:00:00', '18:00:00', false) ON CONFLICT DO NOTHING;
INSERT INTO public.business_hours (id, company_id, day_of_week, open_time, lunch_start, lunch_end, close_time, is_closed) VALUES ('bfc78892-017d-43fa-8514-787311372453', '746ad0ac-8aea-468c-8bda-a89b87bef60c', 3, '09:00:00', '12:00:00', '13:00:00', '18:00:00', false) ON CONFLICT DO NOTHING;
INSERT INTO public.business_hours (id, company_id, day_of_week, open_time, lunch_start, lunch_end, close_time, is_closed) VALUES ('b7a4a41c-00d2-4d7d-b617-4a2b71ea4da1', '746ad0ac-8aea-468c-8bda-a89b87bef60c', 4, '09:00:00', '12:00:00', '13:00:00', '18:00:00', false) ON CONFLICT DO NOTHING;
INSERT INTO public.business_hours (id, company_id, day_of_week, open_time, lunch_start, lunch_end, close_time, is_closed) VALUES ('beaddebb-eecf-4d2d-8556-5726a1ec72b4', '746ad0ac-8aea-468c-8bda-a89b87bef60c', 5, '09:00:00', '12:00:00', '13:00:00', '18:00:00', false) ON CONFLICT DO NOTHING;
INSERT INTO public.business_hours (id, company_id, day_of_week, open_time, lunch_start, lunch_end, close_time, is_closed) VALUES ('e464ccf5-c088-4c13-8f55-755448606eca', '746ad0ac-8aea-468c-8bda-a89b87bef60c', 6, '09:00:00', NULL, NULL, '22:00:00', false) ON CONFLICT DO NOTHING;

-- Dumping 3 rows for blocked_times
INSERT INTO public.blocked_times (id, company_id, professional_id, block_date, start_time, end_time, reason, created_at) VALUES ('ae2a441b-a512-446f-af41-c2152815e18a', 'afc77ec0-4c19-4e44-aa83-46e00b0b4de3', '1c715824-f7e5-47f6-9c35-9c2a90f55cc5', '2026-04-01', '14:00:00', '16:00:00', 'Compromisso pessoal', '2026-04-01T04:05:50.052528+00:00') ON CONFLICT DO NOTHING;
INSERT INTO public.blocked_times (id, company_id, professional_id, block_date, start_time, end_time, reason, created_at) VALUES ('eefd8bbc-05a2-4497-b5a1-612aebbfee01', '0c5cf782-3722-4732-9edc-e56170c72c61', '15e9934c-7f48-41bd-87e0-e97f50de8713', '2026-04-03', '13:00:00', '16:12:00', 'Compromisso pessoal', '2026-04-02T17:28:00.668162+00:00') ON CONFLICT DO NOTHING;
INSERT INTO public.blocked_times (id, company_id, professional_id, block_date, start_time, end_time, reason, created_at) VALUES ('99fb91c2-26cc-4fa7-8749-20a0409f4289', '13b524ae-1ba1-4daa-a2b9-cc8d9de990f3', 'cadc51c8-ca1b-4f83-bd95-a7e9bebe71e6', '2026-04-08', '15:30:00', '16:00:00', 'Compromisso pessoal', '2026-04-08T00:49:52.45626+00:00') ON CONFLICT DO NOTHING;

-- Dumping 12 rows for appointment_requests
INSERT INTO public.appointment_requests (id, company_id, service_id, professional_id, client_name, client_whatsapp, requested_date, requested_time, message, status, suggested_time, suggested_date, rejection_reason, created_at, updated_at, client_email) VALUES ('eca05d5b-a62a-4e51-8c8f-8c853249d817', 'ba00be4b-a872-4d08-880a-a5033b40ed3f', 'e3fcb4d6-37ca-4d60-87ea-55f9d1b4be11', '83b47116-366a-43f6-9dc5-0667a7cad652', 'Nathalia Martins', '5532988564025', '2026-05-03', '05:00:00', 'quero teste se consigo agendar as 5h', 'accepted', NULL, NULL, NULL, '2026-05-02T14:40:34.818+00:00', '2026-05-02T14:52:35.085+00:00', 'nathalia@vemserup.com.br') ON CONFLICT DO NOTHING;
INSERT INTO public.appointment_requests (id, company_id, service_id, professional_id, client_name, client_whatsapp, requested_date, requested_time, message, status, suggested_time, suggested_date, rejection_reason, created_at, updated_at, client_email) VALUES ('70b2f62a-3192-47a5-8a2d-532bd4cdf82d', 'ba00be4b-a872-4d08-880a-a5033b40ed3f', 'e3fcb4d6-37ca-4d60-87ea-55f9d1b4be11', '83b47116-366a-43f6-9dc5-0667a7cad652', 'Nathalia Martins', '5532988564025', '2026-05-03', '06:00:00', 'quero é 6 horas', 'suggested', '07:30:00', '2026-05-03', NULL, '2026-05-02T14:30:21.576+00:00', '2026-05-02T14:56:24.104+00:00', NULL) ON CONFLICT DO NOTHING;
INSERT INTO public.appointment_requests (id, company_id, service_id, professional_id, client_name, client_whatsapp, requested_date, requested_time, message, status, suggested_time, suggested_date, rejection_reason, created_at, updated_at, client_email) VALUES ('58c66f01-10ab-4c8f-a8dc-489d4d75cec0', 'ba00be4b-a872-4d08-880a-a5033b40ed3f', 'e3fcb4d6-37ca-4d60-87ea-55f9d1b4be11', NULL, 'Nathalia Martins', '5532988564025', '2026-05-02', '21:00:00', 'Teste de 21 horas', 'rejected', NULL, NULL, 'Infelizmente não conseguimos nesse dia, todos hosários estão cheios', '2026-05-02T14:20:47.32+00:00', '2026-05-02T14:58:59.503+00:00', NULL) ON CONFLICT DO NOTHING;
INSERT INTO public.appointment_requests (id, company_id, service_id, professional_id, client_name, client_whatsapp, requested_date, requested_time, message, status, suggested_time, suggested_date, rejection_reason, created_at, updated_at, client_email) VALUES ('bcb513b3-b9cc-48ab-b210-d117ffb157f5', 'ba00be4b-a872-4d08-880a-a5033b40ed3f', '39aca120-d826-440d-b7f1-c940e9564238', '83b47116-366a-43f6-9dc5-0667a7cad652', 'Nathalia Martins', '5532988564025', '2026-05-03', '09:00:00', 'teste 1', 'suggested', '09:15:00', '2026-05-03', NULL, '2026-05-02T15:10:32.233+00:00', '2026-05-02T15:11:00.472+00:00', 'nathalia@vemserup.com.br') ON CONFLICT DO NOTHING;
INSERT INTO public.appointment_requests (id, company_id, service_id, professional_id, client_name, client_whatsapp, requested_date, requested_time, message, status, suggested_time, suggested_date, rejection_reason, created_at, updated_at, client_email) VALUES ('d2ff3aca-42da-46d0-bd0c-873bcad4d2ce', '746ad0ac-8aea-468c-8bda-a89b87bef60c', '7139d5da-0a78-454f-80fb-58b5ae929ef2', NULL, 'Cristiano', '5532991688360', '2026-05-01', '16:00:00', 'Consegue me atender hoje as 16:00? tenho um casamento para ir', 'rejected', NULL, NULL, 'Infelizmente não consigo ', '2026-05-01T18:29:24.077+00:00', '2026-05-03T17:01:56.544+00:00', NULL) ON CONFLICT DO NOTHING;
INSERT INTO public.appointment_requests (id, company_id, service_id, professional_id, client_name, client_whatsapp, requested_date, requested_time, message, status, suggested_time, suggested_date, rejection_reason, created_at, updated_at, client_email) VALUES ('52bd15a0-29a1-44d2-a80a-ddc4bc198212', '746ad0ac-8aea-468c-8bda-a89b87bef60c', '7139d5da-0a78-454f-80fb-58b5ae929ef2', NULL, 'Cristiano Ferreira', '5532991688360', '2026-05-01', '16:00:00', 'Consegue me atender hoje? tenho um casamento!', 'suggested', '15:00:00', '2026-05-03', NULL, '2026-05-01T18:33:20.503+00:00', '2026-05-03T17:03:13.757+00:00', NULL) ON CONFLICT DO NOTHING;
INSERT INTO public.appointment_requests (id, company_id, service_id, professional_id, client_name, client_whatsapp, requested_date, requested_time, message, status, suggested_time, suggested_date, rejection_reason, created_at, updated_at, client_email) VALUES ('6c2b3d2b-9f67-40a3-b6da-7ac86a4ad9bb', 'ba00be4b-a872-4d08-880a-a5033b40ed3f', '39aca120-d826-440d-b7f1-c940e9564238', '83b47116-366a-43f6-9dc5-0667a7cad652', 'Nathalia Martins', '5532988564025', '2026-05-06', '06:19:00', 'teste automatizado', 'suggested', '06:45:00', '2026-05-06', NULL, '2026-05-04T15:19:49.244+00:00', '2026-05-04T15:20:40.258+00:00', 'nathalia@vemserup.com.br') ON CONFLICT DO NOTHING;
INSERT INTO public.appointment_requests (id, company_id, service_id, professional_id, client_name, client_whatsapp, requested_date, requested_time, message, status, suggested_time, suggested_date, rejection_reason, created_at, updated_at, client_email) VALUES ('15804b00-ab95-4d2d-91b2-e6cc73295279', 'ba00be4b-a872-4d08-880a-a5033b40ed3f', 'dc90f263-02f9-45bd-81e1-58ff35967e7c', 'cc45eafd-df45-4775-9b67-b06cbfab6e27', 'Nathalia Martins', '5532988564025', '2026-05-07', '06:00:00', 'teste às 06', 'pending', NULL, NULL, NULL, '2026-05-04T15:21:40.707+00:00', '2026-05-04T15:21:45.134784+00:00', 'nathalia@vemserup.com.br') ON CONFLICT DO NOTHING;
INSERT INTO public.appointment_requests (id, company_id, service_id, professional_id, client_name, client_whatsapp, requested_date, requested_time, message, status, suggested_time, suggested_date, rejection_reason, created_at, updated_at, client_email) VALUES ('1803ce5d-0ec0-4f40-bf41-7ed4e6489204', 'ba00be4b-a872-4d08-880a-a5033b40ed3f', 'e3fcb4d6-37ca-4d60-87ea-55f9d1b4be11', '83b47116-366a-43f6-9dc5-0667a7cad652', 'Nathalia Martins', '5532988564025', '2026-05-06', '06:00:00', 'teste 2', 'suggested', '06:30:00', '2026-05-06', NULL, '2026-05-04T15:39:20.402+00:00', '2026-05-04T15:39:38.452+00:00', 'nathalia@vemserup.com.br') ON CONFLICT DO NOTHING;
INSERT INTO public.appointment_requests (id, company_id, service_id, professional_id, client_name, client_whatsapp, requested_date, requested_time, message, status, suggested_time, suggested_date, rejection_reason, created_at, updated_at, client_email) VALUES ('fff20886-cd63-440f-8005-c2230c0db7dd', 'ba00be4b-a872-4d08-880a-a5033b40ed3f', 'e3fcb4d6-37ca-4d60-87ea-55f9d1b4be11', '83b47116-366a-43f6-9dc5-0667a7cad652', 'Nathalia Martins', '5532988564025', '2026-05-06', '06:40:00', NULL, 'accepted', '07:00:00', '2026-05-06', NULL, '2026-05-04T15:40:48.954+00:00', '2026-05-04T15:53:40.56555+00:00', 'nathalia@vemserup.com.br') ON CONFLICT DO NOTHING;
INSERT INTO public.appointment_requests (id, company_id, service_id, professional_id, client_name, client_whatsapp, requested_date, requested_time, message, status, suggested_time, suggested_date, rejection_reason, created_at, updated_at, client_email) VALUES ('2fcf25cc-62e0-485a-b626-84fbadf49f23', '746ad0ac-8aea-468c-8bda-a89b87bef60c', '7139d5da-0a78-454f-80fb-58b5ae929ef2', '02e5b0f3-1e86-4417-8d01-6c96373a81f4', 'Cristiano Campos Ferreira', '5532991688360', '2026-05-04', '15:00:00', 'me ajuda ai me atende hj', 'pending', NULL, NULL, NULL, '2026-05-04T17:34:31.162+00:00', '2026-05-04T17:34:31.530645+00:00', 'cristianocampos.sd@gmail.com') ON CONFLICT DO NOTHING;
INSERT INTO public.appointment_requests (id, company_id, service_id, professional_id, client_name, client_whatsapp, requested_date, requested_time, message, status, suggested_time, suggested_date, rejection_reason, created_at, updated_at, client_email) VALUES ('3f365372-c1e7-4d30-a050-3d6f773ad87e', '746ad0ac-8aea-468c-8bda-a89b87bef60c', '7462299d-6bd3-4bb0-a230-bba302f74c37', '4b63dd02-bb7a-4904-8cb5-d3efcd30bade', 'Cristiano Campos Ferreira', '5532991688360', '2026-05-04', '15:00:00', 'Consegue me atender hoje?', 'accepted', NULL, NULL, NULL, '2026-05-04T17:37:48.786+00:00', '2026-05-04T17:39:56.384+00:00', 'cristianocampos.sd@gmail.com') ON CONFLICT DO NOTHING;

-- Dumping 13 rows for client_cashback
INSERT INTO public.client_cashback (id, client_id, company_id, promotion_id, appointment_id, amount, status, expires_at, used_at, used_appointment_id, created_at, user_id) VALUES ('6f5b094e-9817-41d4-a5d1-35617f15169a', 'a84ce3fd-c4c9-44b6-9622-b354d45edf68', 'ba00be4b-a872-4d08-880a-a5033b40ed3f', '7ead7ac0-e640-40c3-bc43-72c89846664e', 'c429e860-9552-4e84-9495-763cb14985e3', 3.5, 'used', '2027-05-06T14:09:11.989215+00:00', '2026-05-08T19:34:31.931308+00:00', '2fb9309d-07bc-4220-8edd-014576e25cb2', '2026-05-06T14:09:11.989215+00:00', '02503cd1-f80f-4e21-9f92-504abb674d7c') ON CONFLICT DO NOTHING;
INSERT INTO public.client_cashback (id, client_id, company_id, promotion_id, appointment_id, amount, status, expires_at, used_at, used_appointment_id, created_at, user_id) VALUES ('1ecfe979-7fca-4d32-bf58-96b381099943', '822a6696-ccb0-44c2-b351-3b353528750c', '746ad0ac-8aea-468c-8bda-a89b87bef60c', '3db9a5c7-177b-4af8-957c-271d0d2ebe5e', '953fb6c9-ce78-42d7-8900-1f1746a5007f', 11.25, 'used', '2026-06-05T19:02:16.599+00:00', '2026-05-08T20:35:44.63436+00:00', 'b90ae427-f9a7-4c92-b046-e09853e6fc76', '2026-05-06T19:02:16.155165+00:00', '126c9b6d-ff93-4488-8113-a2cfee6f03fe') ON CONFLICT DO NOTHING;
INSERT INTO public.client_cashback (id, client_id, company_id, promotion_id, appointment_id, amount, status, expires_at, used_at, used_appointment_id, created_at, user_id) VALUES ('365c4207-7cfc-4623-a0e0-7d3308305b7f', '822a6696-ccb0-44c2-b351-3b353528750c', '746ad0ac-8aea-468c-8bda-a89b87bef60c', '3db9a5c7-177b-4af8-957c-271d0d2ebe5e', 'dcd8d37a-35a6-4104-acf9-660686450b40', 11.25, 'used', '2026-06-07T18:22:25.98125+00:00', '2026-05-08T20:35:44.63436+00:00', 'b90ae427-f9a7-4c92-b046-e09853e6fc76', '2026-05-08T18:22:25.98125+00:00', '126c9b6d-ff93-4488-8113-a2cfee6f03fe') ON CONFLICT DO NOTHING;
INSERT INTO public.client_cashback (id, client_id, company_id, promotion_id, appointment_id, amount, status, expires_at, used_at, used_appointment_id, created_at, user_id) VALUES ('93dbcb6b-857d-4166-b2d9-834c421a123f', '822a6696-ccb0-44c2-b351-3b353528750c', '746ad0ac-8aea-468c-8bda-a89b87bef60c', '3db9a5c7-177b-4af8-957c-271d0d2ebe5e', 'a7c68e04-468a-4371-8756-7adb5402d783', 3.825, 'used', '2026-06-07T19:11:50.480626+00:00', '2026-05-08T20:35:44.63436+00:00', 'b90ae427-f9a7-4c92-b046-e09853e6fc76', '2026-05-08T19:11:50.480626+00:00', '126c9b6d-ff93-4488-8113-a2cfee6f03fe') ON CONFLICT DO NOTHING;
INSERT INTO public.client_cashback (id, client_id, company_id, promotion_id, appointment_id, amount, status, expires_at, used_at, used_appointment_id, created_at, user_id) VALUES ('fc19bd56-2c32-4589-b12a-c97ee321185d', '822a6696-ccb0-44c2-b351-3b353528750c', '746ad0ac-8aea-468c-8bda-a89b87bef60c', '3db9a5c7-177b-4af8-957c-271d0d2ebe5e', '5b9631ec-a52c-4040-9bc5-75884a50340e', 3.1875, 'used', '2026-06-07T19:12:18.897788+00:00', '2026-05-08T20:35:44.63436+00:00', 'b90ae427-f9a7-4c92-b046-e09853e6fc76', '2026-05-08T19:12:18.897788+00:00', '126c9b6d-ff93-4488-8113-a2cfee6f03fe') ON CONFLICT DO NOTHING;
INSERT INTO public.client_cashback (id, client_id, company_id, promotion_id, appointment_id, amount, status, expires_at, used_at, used_appointment_id, created_at, user_id) VALUES ('a8457e09-106b-4fc0-9897-83db045854dc', '822a6696-ccb0-44c2-b351-3b353528750c', '746ad0ac-8aea-468c-8bda-a89b87bef60c', '3db9a5c7-177b-4af8-957c-271d0d2ebe5e', '5e8cb0de-ea20-4cb4-85d1-00dae7fb7bd8', 11.475, 'used', '2026-06-07T20:18:37.306692+00:00', '2026-05-08T20:35:44.63436+00:00', 'b90ae427-f9a7-4c92-b046-e09853e6fc76', '2026-05-08T20:18:37.306692+00:00', '126c9b6d-ff93-4488-8113-a2cfee6f03fe') ON CONFLICT DO NOTHING;
INSERT INTO public.client_cashback (id, client_id, company_id, promotion_id, appointment_id, amount, status, expires_at, used_at, used_appointment_id, created_at, user_id) VALUES ('a1421d8d-8f69-48c7-97e1-fa8b2ec840c4', 'd1ee8cb2-fee3-497c-b806-69e4804996ed', '746ad0ac-8aea-468c-8bda-a89b87bef60c', '3db9a5c7-177b-4af8-957c-271d0d2ebe5e', '08fc5af1-798e-415a-9c3e-6676e2d8dd05', 3.75, 'active', '2026-06-07T20:40:32.563497+00:00', NULL, NULL, '2026-05-08T20:40:32.563497+00:00', NULL) ON CONFLICT DO NOTHING;
INSERT INTO public.client_cashback (id, client_id, company_id, promotion_id, appointment_id, amount, status, expires_at, used_at, used_appointment_id, created_at, user_id) VALUES ('444a3acf-8689-41c9-8a29-dbda70c7db08', 'a84ce3fd-c4c9-44b6-9622-b354d45edf68', 'ba00be4b-a872-4d08-880a-a5033b40ed3f', '7ead7ac0-e640-40c3-bc43-72c89846664e', '8ccf4522-351f-4f50-9ca0-00bf18c3b45c', 2.25, 'active', '2027-05-09T20:37:28.218994+00:00', NULL, NULL, '2026-05-09T20:37:28.218994+00:00', '02503cd1-f80f-4e21-9f92-504abb674d7c') ON CONFLICT DO NOTHING;
INSERT INTO public.client_cashback (id, client_id, company_id, promotion_id, appointment_id, amount, status, expires_at, used_at, used_appointment_id, created_at, user_id) VALUES ('7eafb3ef-dd8e-4494-a35e-51ff664b61ca', '822a6696-ccb0-44c2-b351-3b353528750c', '746ad0ac-8aea-468c-8bda-a89b87bef60c', '3db9a5c7-177b-4af8-957c-271d0d2ebe5e', '8847b51f-2dc0-4b2e-859f-2fa87115ac21', 5.25, 'used', '2026-06-07T20:40:21.015719+00:00', '2026-05-09T23:22:53.819521+00:00', '9cfc4a64-6f2c-4fc8-ad41-0ec4800b3d70', '2026-05-08T20:40:21.015719+00:00', '126c9b6d-ff93-4488-8113-a2cfee6f03fe') ON CONFLICT DO NOTHING;
INSERT INTO public.client_cashback (id, client_id, company_id, promotion_id, appointment_id, amount, status, expires_at, used_at, used_appointment_id, created_at, user_id) VALUES ('6a702988-ec70-464e-8120-6c7c0140d996', '822a6696-ccb0-44c2-b351-3b353528750c', '746ad0ac-8aea-468c-8bda-a89b87bef60c', '3db9a5c7-177b-4af8-957c-271d0d2ebe5e', '8150eecd-2f4e-4791-9284-b5f158638ba0', 3.75, 'used', '2026-06-07T20:40:39.778997+00:00', '2026-05-09T23:22:53.819521+00:00', '9cfc4a64-6f2c-4fc8-ad41-0ec4800b3d70', '2026-05-08T20:40:39.778997+00:00', '126c9b6d-ff93-4488-8113-a2cfee6f03fe') ON CONFLICT DO NOTHING;
INSERT INTO public.client_cashback (id, client_id, company_id, promotion_id, appointment_id, amount, status, expires_at, used_at, used_appointment_id, created_at, user_id) VALUES ('18441919-e675-47ec-be47-e39b3521bd8b', '822a6696-ccb0-44c2-b351-3b353528750c', '746ad0ac-8aea-468c-8bda-a89b87bef60c', '3db9a5c7-177b-4af8-957c-271d0d2ebe5e', 'd231d858-c311-4e48-bb5f-3239be81b402', 4.4625, 'used', '2026-06-08T15:52:15.119922+00:00', '2026-05-09T23:22:53.819521+00:00', '9cfc4a64-6f2c-4fc8-ad41-0ec4800b3d70', '2026-05-09T15:52:15.119922+00:00', '126c9b6d-ff93-4488-8113-a2cfee6f03fe') ON CONFLICT DO NOTHING;
INSERT INTO public.client_cashback (id, client_id, company_id, promotion_id, appointment_id, amount, status, expires_at, used_at, used_appointment_id, created_at, user_id) VALUES ('1f34a12e-9910-4722-a608-65b9af9959e1', '822a6696-ccb0-44c2-b351-3b353528750c', '746ad0ac-8aea-468c-8bda-a89b87bef60c', '3db9a5c7-177b-4af8-957c-271d0d2ebe5e', '9cfc4a64-6f2c-4fc8-ad41-0ec4800b3d70', 0.23062499999999994, 'active', '2026-06-08T23:48:14.4625+00:00', NULL, NULL, '2026-05-09T23:48:14.4625+00:00', '126c9b6d-ff93-4488-8113-a2cfee6f03fe') ON CONFLICT DO NOTHING;
INSERT INTO public.client_cashback (id, client_id, company_id, promotion_id, appointment_id, amount, status, expires_at, used_at, used_appointment_id, created_at, user_id) VALUES ('7116a766-7c5d-433a-b72a-c6759e92d6ab', '822a6696-ccb0-44c2-b351-3b353528750c', '746ad0ac-8aea-468c-8bda-a89b87bef60c', '3db9a5c7-177b-4af8-957c-271d0d2ebe5e', '692252f4-42ff-4238-a26f-4aa64896d4f0', 3.1875, 'active', '2026-06-09T03:03:33.335669+00:00', NULL, NULL, '2026-05-10T03:03:33.335669+00:00', '126c9b6d-ff93-4488-8113-a2cfee6f03fe') ON CONFLICT DO NOTHING;

-- Dumping 28 rows for cashback_transactions
INSERT INTO public.cashback_transactions (id, company_id, client_id, amount, type, reference_id, description, created_at, user_id) VALUES ('14c64d04-de8e-4062-bdb8-390daed47fed', 'ba00be4b-a872-4d08-880a-a5033b40ed3f', 'a84ce3fd-c4c9-44b6-9622-b354d45edf68', 3.5, 'credit', 'c429e860-9552-4e84-9495-763cb14985e3', 'Cashback ganho no agendamento #c429e860', '2026-05-06T14:09:11.989215+00:00', '02503cd1-f80f-4e21-9f92-504abb674d7c') ON CONFLICT DO NOTHING;
INSERT INTO public.cashback_transactions (id, company_id, client_id, amount, type, reference_id, description, created_at, user_id) VALUES ('671572fe-7320-48aa-87d0-6700c2b6eb42', '746ad0ac-8aea-468c-8bda-a89b87bef60c', '822a6696-ccb0-44c2-b351-3b353528750c', 11.25, 'credit', '953fb6c9-ce78-42d7-8900-1f1746a5007f', 'Cashback ganho no agendamento #953fb6c9', '2026-05-06T19:02:16.155165+00:00', '126c9b6d-ff93-4488-8113-a2cfee6f03fe') ON CONFLICT DO NOTHING;
INSERT INTO public.cashback_transactions (id, company_id, client_id, amount, type, reference_id, description, created_at, user_id) VALUES ('25be57a3-e15f-4424-af76-07daec05a627', '746ad0ac-8aea-468c-8bda-a89b87bef60c', '822a6696-ccb0-44c2-b351-3b353528750c', 11.25, 'credit', 'dcd8d37a-35a6-4104-acf9-660686450b40', 'Cashback ganho no agendamento #dcd8d37a', '2026-05-08T18:22:25.98125+00:00', '126c9b6d-ff93-4488-8113-a2cfee6f03fe') ON CONFLICT DO NOTHING;
INSERT INTO public.cashback_transactions (id, company_id, client_id, amount, type, reference_id, description, created_at, user_id) VALUES ('34d6037f-16d9-4d77-b492-506bc458f836', '746ad0ac-8aea-468c-8bda-a89b87bef60c', '822a6696-ccb0-44c2-b351-3b353528750c', 3.825, 'credit', 'a7c68e04-468a-4371-8756-7adb5402d783', 'Cashback ganho no agendamento #a7c68e04', '2026-05-08T19:11:50.480626+00:00', '126c9b6d-ff93-4488-8113-a2cfee6f03fe') ON CONFLICT DO NOTHING;
INSERT INTO public.cashback_transactions (id, company_id, client_id, amount, type, reference_id, description, created_at, user_id) VALUES ('32b22733-2cba-47b3-a16a-aa856849120a', '746ad0ac-8aea-468c-8bda-a89b87bef60c', '822a6696-ccb0-44c2-b351-3b353528750c', 3.1875, 'credit', '5b9631ec-a52c-4040-9bc5-75884a50340e', 'Cashback ganho no agendamento #5b9631ec', '2026-05-08T19:12:18.897788+00:00', '126c9b6d-ff93-4488-8113-a2cfee6f03fe') ON CONFLICT DO NOTHING;
INSERT INTO public.cashback_transactions (id, company_id, client_id, amount, type, reference_id, description, created_at, user_id) VALUES ('0a36570f-8172-4577-a30c-fd129cbdb6ec', 'ba00be4b-a872-4d08-880a-a5033b40ed3f', 'a84ce3fd-c4c9-44b6-9622-b354d45edf68', 3.5, 'debit', '2fb9309d-07bc-4220-8edd-014576e25cb2', 'Cashback utilizado no agendamento #2fb9309d', '2026-05-08T19:34:31.931308+00:00', '02503cd1-f80f-4e21-9f92-504abb674d7c') ON CONFLICT DO NOTHING;
INSERT INTO public.cashback_transactions (id, company_id, client_id, amount, type, reference_id, description, created_at, user_id) VALUES ('b8af85dc-63ad-49c1-bba4-93c224e19d38', '746ad0ac-8aea-468c-8bda-a89b87bef60c', '822a6696-ccb0-44c2-b351-3b353528750c', 11.475, 'credit', '5e8cb0de-ea20-4cb4-85d1-00dae7fb7bd8', 'Cashback ganho no agendamento #5e8cb0de', '2026-05-08T20:18:37.306692+00:00', '126c9b6d-ff93-4488-8113-a2cfee6f03fe') ON CONFLICT DO NOTHING;
INSERT INTO public.cashback_transactions (id, company_id, client_id, amount, type, reference_id, description, created_at, user_id) VALUES ('996ba552-7873-4d20-991f-48d8564c874c', '746ad0ac-8aea-468c-8bda-a89b87bef60c', '822a6696-ccb0-44c2-b351-3b353528750c', 11.25, 'debit', '159a1cb6-22f5-4b07-81a3-c94423eee069', 'Cashback utilizado no agendamento #159a1cb6', '2026-05-08T20:24:07.204347+00:00', '126c9b6d-ff93-4488-8113-a2cfee6f03fe') ON CONFLICT DO NOTHING;
INSERT INTO public.cashback_transactions (id, company_id, client_id, amount, type, reference_id, description, created_at, user_id) VALUES ('160fbe07-9dc0-4f1d-994d-a52031c59286', '746ad0ac-8aea-468c-8bda-a89b87bef60c', '822a6696-ccb0-44c2-b351-3b353528750c', 11.25, 'debit', '159a1cb6-22f5-4b07-81a3-c94423eee069', 'Cashback utilizado no agendamento #159a1cb6', '2026-05-08T20:24:07.204347+00:00', '126c9b6d-ff93-4488-8113-a2cfee6f03fe') ON CONFLICT DO NOTHING;
INSERT INTO public.cashback_transactions (id, company_id, client_id, amount, type, reference_id, description, created_at, user_id) VALUES ('79fe9e60-a503-4425-94df-afc7e0d31238', '746ad0ac-8aea-468c-8bda-a89b87bef60c', '822a6696-ccb0-44c2-b351-3b353528750c', 3.825, 'debit', '159a1cb6-22f5-4b07-81a3-c94423eee069', 'Cashback utilizado no agendamento #159a1cb6', '2026-05-08T20:24:07.204347+00:00', '126c9b6d-ff93-4488-8113-a2cfee6f03fe') ON CONFLICT DO NOTHING;
INSERT INTO public.cashback_transactions (id, company_id, client_id, amount, type, reference_id, description, created_at, user_id) VALUES ('b443fa54-4339-49ab-8b62-3aeedaca2102', '746ad0ac-8aea-468c-8bda-a89b87bef60c', '822a6696-ccb0-44c2-b351-3b353528750c', 3.1875, 'debit', '159a1cb6-22f5-4b07-81a3-c94423eee069', 'Cashback utilizado no agendamento #159a1cb6', '2026-05-08T20:24:07.204347+00:00', '126c9b6d-ff93-4488-8113-a2cfee6f03fe') ON CONFLICT DO NOTHING;
INSERT INTO public.cashback_transactions (id, company_id, client_id, amount, type, reference_id, description, created_at, user_id) VALUES ('80ef8ace-e7ba-4760-a8a8-84a223d553cb', '746ad0ac-8aea-468c-8bda-a89b87bef60c', '822a6696-ccb0-44c2-b351-3b353528750c', 11.475, 'debit', '159a1cb6-22f5-4b07-81a3-c94423eee069', 'Cashback utilizado no agendamento #159a1cb6', '2026-05-08T20:24:07.204347+00:00', '126c9b6d-ff93-4488-8113-a2cfee6f03fe') ON CONFLICT DO NOTHING;
INSERT INTO public.cashback_transactions (id, company_id, client_id, amount, type, reference_id, description, created_at, user_id) VALUES ('4cc22586-6ca6-4954-a353-4173abfef98c', '746ad0ac-8aea-468c-8bda-a89b87bef60c', '822a6696-ccb0-44c2-b351-3b353528750c', 11.25, 'credit', '159a1cb6-22f5-4b07-81a3-c94423eee069', 'Estorno por cancelamento do agendamento #159a1cb6', '2026-05-08T20:29:02.165203+00:00', '126c9b6d-ff93-4488-8113-a2cfee6f03fe') ON CONFLICT DO NOTHING;
INSERT INTO public.cashback_transactions (id, company_id, client_id, amount, type, reference_id, description, created_at, user_id) VALUES ('d9df3f5f-d714-41a5-b237-b1cae6bd76f0', '746ad0ac-8aea-468c-8bda-a89b87bef60c', '822a6696-ccb0-44c2-b351-3b353528750c', 11.25, 'debit', 'b90ae427-f9a7-4c92-b046-e09853e6fc76', 'Cashback utilizado no agendamento #b90ae427', '2026-05-08T20:35:44.63436+00:00', '126c9b6d-ff93-4488-8113-a2cfee6f03fe') ON CONFLICT DO NOTHING;
INSERT INTO public.cashback_transactions (id, company_id, client_id, amount, type, reference_id, description, created_at, user_id) VALUES ('827b6731-2e59-44dc-b0c2-9c82903d65b0', '746ad0ac-8aea-468c-8bda-a89b87bef60c', '822a6696-ccb0-44c2-b351-3b353528750c', 11.25, 'debit', 'b90ae427-f9a7-4c92-b046-e09853e6fc76', 'Cashback utilizado no agendamento #b90ae427', '2026-05-08T20:35:44.63436+00:00', '126c9b6d-ff93-4488-8113-a2cfee6f03fe') ON CONFLICT DO NOTHING;
INSERT INTO public.cashback_transactions (id, company_id, client_id, amount, type, reference_id, description, created_at, user_id) VALUES ('36356e57-7846-49b9-94d2-a98123e7dacb', '746ad0ac-8aea-468c-8bda-a89b87bef60c', '822a6696-ccb0-44c2-b351-3b353528750c', 3.825, 'debit', 'b90ae427-f9a7-4c92-b046-e09853e6fc76', 'Cashback utilizado no agendamento #b90ae427', '2026-05-08T20:35:44.63436+00:00', '126c9b6d-ff93-4488-8113-a2cfee6f03fe') ON CONFLICT DO NOTHING;
INSERT INTO public.cashback_transactions (id, company_id, client_id, amount, type, reference_id, description, created_at, user_id) VALUES ('ed31a194-2543-4004-acd2-038a270aed61', '746ad0ac-8aea-468c-8bda-a89b87bef60c', '822a6696-ccb0-44c2-b351-3b353528750c', 3.1875, 'debit', 'b90ae427-f9a7-4c92-b046-e09853e6fc76', 'Cashback utilizado no agendamento #b90ae427', '2026-05-08T20:35:44.63436+00:00', '126c9b6d-ff93-4488-8113-a2cfee6f03fe') ON CONFLICT DO NOTHING;
INSERT INTO public.cashback_transactions (id, company_id, client_id, amount, type, reference_id, description, created_at, user_id) VALUES ('386b4f9c-a955-4825-b61b-fce902f932f7', '746ad0ac-8aea-468c-8bda-a89b87bef60c', '822a6696-ccb0-44c2-b351-3b353528750c', 11.475, 'debit', 'b90ae427-f9a7-4c92-b046-e09853e6fc76', 'Cashback utilizado no agendamento #b90ae427', '2026-05-08T20:35:44.63436+00:00', '126c9b6d-ff93-4488-8113-a2cfee6f03fe') ON CONFLICT DO NOTHING;
INSERT INTO public.cashback_transactions (id, company_id, client_id, amount, type, reference_id, description, created_at, user_id) VALUES ('85b1feae-5552-4e82-b52a-9223f129c021', '746ad0ac-8aea-468c-8bda-a89b87bef60c', '822a6696-ccb0-44c2-b351-3b353528750c', 5.25, 'credit', '8847b51f-2dc0-4b2e-859f-2fa87115ac21', 'Cashback ganho no agendamento #8847b51f', '2026-05-08T20:40:21.015719+00:00', '126c9b6d-ff93-4488-8113-a2cfee6f03fe') ON CONFLICT DO NOTHING;
INSERT INTO public.cashback_transactions (id, company_id, client_id, amount, type, reference_id, description, created_at, user_id) VALUES ('a4ecb053-1469-4224-8b2c-8248b7471e34', '746ad0ac-8aea-468c-8bda-a89b87bef60c', 'd1ee8cb2-fee3-497c-b806-69e4804996ed', 3.75, 'credit', '08fc5af1-798e-415a-9c3e-6676e2d8dd05', 'Cashback ganho no agendamento #08fc5af1', '2026-05-08T20:40:32.563497+00:00', NULL) ON CONFLICT DO NOTHING;
INSERT INTO public.cashback_transactions (id, company_id, client_id, amount, type, reference_id, description, created_at, user_id) VALUES ('bf71c5d4-039b-45af-971b-767e15ce0751', '746ad0ac-8aea-468c-8bda-a89b87bef60c', '822a6696-ccb0-44c2-b351-3b353528750c', 3.75, 'credit', '8150eecd-2f4e-4791-9284-b5f158638ba0', 'Cashback ganho no agendamento #8150eecd', '2026-05-08T20:40:39.778997+00:00', '126c9b6d-ff93-4488-8113-a2cfee6f03fe') ON CONFLICT DO NOTHING;
INSERT INTO public.cashback_transactions (id, company_id, client_id, amount, type, reference_id, description, created_at, user_id) VALUES ('c67d4421-dde9-434c-8b44-e4b712cdc423', '746ad0ac-8aea-468c-8bda-a89b87bef60c', '822a6696-ccb0-44c2-b351-3b353528750c', 4.4625, 'credit', 'd231d858-c311-4e48-bb5f-3239be81b402', 'Cashback ganho no agendamento #d231d858', '2026-05-09T15:52:15.119922+00:00', '126c9b6d-ff93-4488-8113-a2cfee6f03fe') ON CONFLICT DO NOTHING;
INSERT INTO public.cashback_transactions (id, company_id, client_id, amount, type, reference_id, description, created_at, user_id) VALUES ('321625b1-c6ca-4b95-83a5-96d304d8f378', 'ba00be4b-a872-4d08-880a-a5033b40ed3f', 'a84ce3fd-c4c9-44b6-9622-b354d45edf68', 2.25, 'credit', '8ccf4522-351f-4f50-9ca0-00bf18c3b45c', 'Cashback ganho no agendamento #8ccf4522', '2026-05-09T20:37:28.218994+00:00', '02503cd1-f80f-4e21-9f92-504abb674d7c') ON CONFLICT DO NOTHING;
INSERT INTO public.cashback_transactions (id, company_id, client_id, amount, type, reference_id, description, created_at, user_id) VALUES ('11c41947-89a5-4e92-a7b1-68185e89908c', '746ad0ac-8aea-468c-8bda-a89b87bef60c', '822a6696-ccb0-44c2-b351-3b353528750c', 5.25, 'debit', '9cfc4a64-6f2c-4fc8-ad41-0ec4800b3d70', 'Cashback utilizado no agendamento #9cfc4a64', '2026-05-09T23:22:53.819521+00:00', '126c9b6d-ff93-4488-8113-a2cfee6f03fe') ON CONFLICT DO NOTHING;
INSERT INTO public.cashback_transactions (id, company_id, client_id, amount, type, reference_id, description, created_at, user_id) VALUES ('70e2d36d-aca3-40fc-8727-e70d087c3f28', '746ad0ac-8aea-468c-8bda-a89b87bef60c', '822a6696-ccb0-44c2-b351-3b353528750c', 3.75, 'debit', '9cfc4a64-6f2c-4fc8-ad41-0ec4800b3d70', 'Cashback utilizado no agendamento #9cfc4a64', '2026-05-09T23:22:53.819521+00:00', '126c9b6d-ff93-4488-8113-a2cfee6f03fe') ON CONFLICT DO NOTHING;
INSERT INTO public.cashback_transactions (id, company_id, client_id, amount, type, reference_id, description, created_at, user_id) VALUES ('999ac11b-79c6-4b3a-8ea9-6b7f6ea8ab54', '746ad0ac-8aea-468c-8bda-a89b87bef60c', '822a6696-ccb0-44c2-b351-3b353528750c', 4.4625, 'debit', '9cfc4a64-6f2c-4fc8-ad41-0ec4800b3d70', 'Cashback utilizado no agendamento #9cfc4a64', '2026-05-09T23:22:53.819521+00:00', '126c9b6d-ff93-4488-8113-a2cfee6f03fe') ON CONFLICT DO NOTHING;
INSERT INTO public.cashback_transactions (id, company_id, client_id, amount, type, reference_id, description, created_at, user_id) VALUES ('58fb06dc-7845-49a4-bf12-26966c9997a5', '746ad0ac-8aea-468c-8bda-a89b87bef60c', '822a6696-ccb0-44c2-b351-3b353528750c', 0.23062499999999994, 'credit', '9cfc4a64-6f2c-4fc8-ad41-0ec4800b3d70', 'Cashback ganho no agendamento #9cfc4a64', '2026-05-09T23:48:14.4625+00:00', '126c9b6d-ff93-4488-8113-a2cfee6f03fe') ON CONFLICT DO NOTHING;
INSERT INTO public.cashback_transactions (id, company_id, client_id, amount, type, reference_id, description, created_at, user_id) VALUES ('1da3825a-5fd8-49e3-a328-7bf3b33ac909', '746ad0ac-8aea-468c-8bda-a89b87bef60c', '822a6696-ccb0-44c2-b351-3b353528750c', 3.1875, 'credit', '692252f4-42ff-4238-a26f-4aa64896d4f0', 'Cashback ganho no agendamento #692252f4', '2026-05-10T03:03:33.335669+00:00', '126c9b6d-ff93-4488-8113-a2cfee6f03fe') ON CONFLICT DO NOTHING;

-- Dumping 40 rows for promotions
INSERT INTO public.promotions (id, company_id, title, description, start_date, end_date, start_time, end_time, max_slots, used_slots, client_filter, client_filter_value, professional_filter, professional_ids, message_template, status, created_at, updated_at, slug, service_id, promotion_price, original_price, created_by, service_ids, discount_type, discount_value, promotion_type, cashback_validity_days, cashback_rules_text, cashback_cumulative, use_business_hours, valid_days, min_interval_minutes, promotion_mode, source_insight, booking_opens_at, booking_closes_at, metadata) VALUES ('7ead7ac0-e640-40c3-bc43-72c89846664e', 'ba00be4b-a872-4d08-880a-a5033b40ed3f', 'Corte e Ganhe', 'Válido somente para corte de cabelo', '2026-04-29', '2027-05-29', NULL, NULL, 0, 2, 'all', NULL, 'all', NULL, NULL, 'active', '2026-04-29T17:41:21.329828+00:00', '2026-05-08T19:34:31.931308+00:00', 'corte-e-ganhe-1777484480870', NULL, NULL, NULL, NULL, NULL, 'percentage', 10, 'cashback', 365, 'teste cashback', true, true, '[0, 1, 2, 3, 4, 5, 6]'::jsonb, 0, 'manual', NULL, '2026-04-29T17:41:21.329828+00:00', NULL, '{}'::jsonb) ON CONFLICT DO NOTHING;
INSERT INTO public.promotions (id, company_id, title, description, start_date, end_date, start_time, end_time, max_slots, used_slots, client_filter, client_filter_value, professional_filter, professional_ids, message_template, status, created_at, updated_at, slug, service_id, promotion_price, original_price, created_by, service_ids, discount_type, discount_value, promotion_type, cashback_validity_days, cashback_rules_text, cashback_cumulative, use_business_hours, valid_days, min_interval_minutes, promotion_mode, source_insight, booking_opens_at, booking_closes_at, metadata) VALUES ('7aa30ca2-3747-4f43-82dc-945b81688d59', 'ba00be4b-a872-4d08-880a-a5033b40ed3f', 'Relâmpago: Vagas para Amanhã', 'Aproveite nossos horários vagos para amanhã com um desconto especial!', '2026-05-02', '2026-05-02', '14:00:00', '21:00:00', 0, 0, 'all', NULL, 'all', NULL, 'Olá {{cliente_primeiro_nome}}! 👋

Notamos que amanhã ainda temos alguns horários disponíveis e resolvemos liberar um desconto de 15% para quem agendar agora! 😱

Corre para garantir o seu: {{link_promocao}}', 'active', '2026-05-01T18:28:00.938529+00:00', '2026-05-01T19:27:24.236254+00:00', 'relampago-vagas-para-amanha', NULL, NULL, NULL, '83b47116-366a-43f6-9dc5-0667a7cad652', '["6f584d07-ca57-40d4-b699-3589d1accfb0", "e3fcb4d6-37ca-4d60-87ea-55f9d1b4be11", "39aca120-d826-440d-b7f1-c940e9564238", "16fb781c-bef1-4c74-b337-aedfc43aa5cb", "dc90f263-02f9-45bd-81e1-58ff35967e7c", "78421c04-e7c6-4eac-84f1-bfa6bd0107c4"]'::jsonb, 'percentage', 15, 'traditional', NULL, NULL, false, false, '[0, 1, 2, 3, 4, 5, 6]'::jsonb, 0, 'smart', 'low_occupancy', '2026-05-01T18:30:00+00:00', NULL, '{}'::jsonb) ON CONFLICT DO NOTHING;
INSERT INTO public.promotions (id, company_id, title, description, start_date, end_date, start_time, end_time, max_slots, used_slots, client_filter, client_filter_value, professional_filter, professional_ids, message_template, status, created_at, updated_at, slug, service_id, promotion_price, original_price, created_by, service_ids, discount_type, discount_value, promotion_type, cashback_validity_days, cashback_rules_text, cashback_cumulative, use_business_hours, valid_days, min_interval_minutes, promotion_mode, source_insight, booking_opens_at, booking_closes_at, metadata) VALUES ('471627dd-3b18-455d-a84a-3dadae8fe7d3', 'ba00be4b-a872-4d08-880a-a5033b40ed3f', 'Promoção Combinada', 'Desconto para 5 horários selecionados', '2026-05-05', '2026-05-05', '16:00:00', '16:20:00', 1, 0, 'all', NULL, 'selected', '["83b47116-366a-43f6-9dc5-0667a7cad652"]'::jsonb, 'Olá {{cliente_nome}}! 👋

Estamos com uma promoção especial na *{{empresa_nome}}*! 🎉

✂️ Serviço: {{servicos_promocao}}

💰 De R$ {{valor_normal}} por apenas *R$ {{valor_promocional}}*

👨‍🔧 Válido com: {{profissionais_promocao}}

Garanta seu horário:
{{link_promocao}}

Te esperamos! 🙏', 'active', '2026-05-02T17:06:31.890118+00:00', '2026-05-02T17:06:31.890118+00:00', 'promocao-combinada-1600', 'e3fcb4d6-37ca-4d60-87ea-55f9d1b4be11', 22.5, 25, '83b47116-366a-43f6-9dc5-0667a7cad652', '["e3fcb4d6-37ca-4d60-87ea-55f9d1b4be11"]'::jsonb, 'percentage', 10, 'traditional', NULL, NULL, false, false, '[0, 1, 2, 3, 4, 5, 6]'::jsonb, 0, 'manual', NULL, '2026-05-02T17:06:30.58+00:00', NULL, '{}'::jsonb) ON CONFLICT DO NOTHING;
INSERT INTO public.promotions (id, company_id, title, description, start_date, end_date, start_time, end_time, max_slots, used_slots, client_filter, client_filter_value, professional_filter, professional_ids, message_template, status, created_at, updated_at, slug, service_id, promotion_price, original_price, created_by, service_ids, discount_type, discount_value, promotion_type, cashback_validity_days, cashback_rules_text, cashback_cumulative, use_business_hours, valid_days, min_interval_minutes, promotion_mode, source_insight, booking_opens_at, booking_closes_at, metadata) VALUES ('cdf479e2-61d3-4442-bd81-778b22a9d0c5', 'ba00be4b-a872-4d08-880a-a5033b40ed3f', 'Promoção Combinada', 'Desconto para 5 horários selecionados', '2026-05-05', '2026-05-05', '13:00:00', '13:20:00', 1, 0, 'all', NULL, 'selected', '["83b47116-366a-43f6-9dc5-0667a7cad652"]'::jsonb, 'Olá {{cliente_nome}}! 👋

Estamos com uma promoção especial na *{{empresa_nome}}*! 🎉

✂️ Serviço: {{servicos_promocao}}

💰 De R$ {{valor_normal}} por apenas *R$ {{valor_promocional}}*

👨‍🔧 Válido com: {{profissionais_promocao}}

Garanta seu horário:
{{link_promocao}}

Te esperamos! 🙏', 'active', '2026-05-02T17:06:31.889724+00:00', '2026-05-02T17:06:31.889724+00:00', 'promocao-combinada-1300', 'e3fcb4d6-37ca-4d60-87ea-55f9d1b4be11', 22.5, 25, '83b47116-366a-43f6-9dc5-0667a7cad652', '["e3fcb4d6-37ca-4d60-87ea-55f9d1b4be11"]'::jsonb, 'percentage', 10, 'traditional', NULL, NULL, false, false, '[0, 1, 2, 3, 4, 5, 6]'::jsonb, 0, 'manual', NULL, '2026-05-02T17:06:30.579+00:00', NULL, '{}'::jsonb) ON CONFLICT DO NOTHING;
INSERT INTO public.promotions (id, company_id, title, description, start_date, end_date, start_time, end_time, max_slots, used_slots, client_filter, client_filter_value, professional_filter, professional_ids, message_template, status, created_at, updated_at, slug, service_id, promotion_price, original_price, created_by, service_ids, discount_type, discount_value, promotion_type, cashback_validity_days, cashback_rules_text, cashback_cumulative, use_business_hours, valid_days, min_interval_minutes, promotion_mode, source_insight, booking_opens_at, booking_closes_at, metadata) VALUES ('4f7353cd-5db7-4ace-a7a6-5cf107a37d07', 'ba00be4b-a872-4d08-880a-a5033b40ed3f', 'Promoção Combinada', 'Desconto para 5 horários selecionados', '2026-05-05', '2026-05-05', '09:00:00', '09:20:00', 1, 0, 'all', NULL, 'selected', '["83b47116-366a-43f6-9dc5-0667a7cad652"]'::jsonb, 'Olá {{cliente_nome}}! 👋

Estamos com uma promoção especial na *{{empresa_nome}}*! 🎉

✂️ Serviço: {{servicos_promocao}}

💰 De R$ {{valor_normal}} por apenas *R$ {{valor_promocional}}*

👨‍🔧 Válido com: {{profissionais_promocao}}

Garanta seu horário:
{{link_promocao}}

Te esperamos! 🙏', 'active', '2026-05-02T17:06:31.89016+00:00', '2026-05-02T17:06:31.89016+00:00', 'promocao-combinada-0900', 'e3fcb4d6-37ca-4d60-87ea-55f9d1b4be11', 22.5, 25, '83b47116-366a-43f6-9dc5-0667a7cad652', '["e3fcb4d6-37ca-4d60-87ea-55f9d1b4be11"]'::jsonb, 'percentage', 10, 'traditional', NULL, NULL, false, false, '[0, 1, 2, 3, 4, 5, 6]'::jsonb, 0, 'manual', NULL, '2026-05-02T17:06:30.579+00:00', NULL, '{}'::jsonb) ON CONFLICT DO NOTHING;
INSERT INTO public.promotions (id, company_id, title, description, start_date, end_date, start_time, end_time, max_slots, used_slots, client_filter, client_filter_value, professional_filter, professional_ids, message_template, status, created_at, updated_at, slug, service_id, promotion_price, original_price, created_by, service_ids, discount_type, discount_value, promotion_type, cashback_validity_days, cashback_rules_text, cashback_cumulative, use_business_hours, valid_days, min_interval_minutes, promotion_mode, source_insight, booking_opens_at, booking_closes_at, metadata) VALUES ('6a01a079-c4e0-409c-a61b-3fac1ac82d8a', 'ba00be4b-a872-4d08-880a-a5033b40ed3f', 'Promoção Combinada', 'Desconto para 5 horários selecionados', '2026-05-05', '2026-05-05', '14:00:00', '14:20:00', 1, 0, 'all', NULL, 'selected', '["83b47116-366a-43f6-9dc5-0667a7cad652"]'::jsonb, 'Olá {{cliente_nome}}! 👋

Estamos com uma promoção especial na *{{empresa_nome}}*! 🎉

✂️ Serviço: {{servicos_promocao}}

💰 De R$ {{valor_normal}} por apenas *R$ {{valor_promocional}}*

👨‍🔧 Válido com: {{profissionais_promocao}}

Garanta seu horário:
{{link_promocao}}

Te esperamos! 🙏', 'active', '2026-05-02T17:06:31.889835+00:00', '2026-05-02T17:06:31.889835+00:00', 'promocao-combinada-1400', 'e3fcb4d6-37ca-4d60-87ea-55f9d1b4be11', 22.5, 25, '83b47116-366a-43f6-9dc5-0667a7cad652', '["e3fcb4d6-37ca-4d60-87ea-55f9d1b4be11"]'::jsonb, 'percentage', 10, 'traditional', NULL, NULL, false, false, '[0, 1, 2, 3, 4, 5, 6]'::jsonb, 0, 'manual', NULL, '2026-05-02T17:06:30.579+00:00', NULL, '{}'::jsonb) ON CONFLICT DO NOTHING;
INSERT INTO public.promotions (id, company_id, title, description, start_date, end_date, start_time, end_time, max_slots, used_slots, client_filter, client_filter_value, professional_filter, professional_ids, message_template, status, created_at, updated_at, slug, service_id, promotion_price, original_price, created_by, service_ids, discount_type, discount_value, promotion_type, cashback_validity_days, cashback_rules_text, cashback_cumulative, use_business_hours, valid_days, min_interval_minutes, promotion_mode, source_insight, booking_opens_at, booking_closes_at, metadata) VALUES ('3db9a5c7-177b-4af8-957c-271d0d2ebe5e', '746ad0ac-8aea-468c-8bda-a89b87bef60c', 'Cashback', NULL, '2026-05-05', '2026-06-05', NULL, NULL, 0, 8, 'all', NULL, 'all', NULL, NULL, 'active', '2026-05-05T19:12:35.423849+00:00', '2026-05-09T23:22:53.819521+00:00', 'cashback-1778008354372', NULL, NULL, NULL, NULL, NULL, 'percentage', 15, 'cashback', 30, NULL, true, true, '[0, 1, 2, 3, 4, 5, 6]'::jsonb, 0, 'manual', NULL, NULL, NULL, '{}'::jsonb) ON CONFLICT DO NOTHING;
INSERT INTO public.promotions (id, company_id, title, description, start_date, end_date, start_time, end_time, max_slots, used_slots, client_filter, client_filter_value, professional_filter, professional_ids, message_template, status, created_at, updated_at, slug, service_id, promotion_price, original_price, created_by, service_ids, discount_type, discount_value, promotion_type, cashback_validity_days, cashback_rules_text, cashback_cumulative, use_business_hours, valid_days, min_interval_minutes, promotion_mode, source_insight, booking_opens_at, booking_closes_at, metadata) VALUES ('8d284df6-4ae0-43cb-9ee7-9b17f3b0cded', 'ba00be4b-a872-4d08-880a-a5033b40ed3f', 'Promoção Combinada', 'Desconto para 5 horários selecionados', '2026-05-05', '2026-05-05', '17:00:00', '17:20:00', 1, 0, 'all', NULL, 'selected', '["83b47116-366a-43f6-9dc5-0667a7cad652"]'::jsonb, 'Olá {{cliente_nome}}! 👋

Estamos com uma promoção especial na *{{empresa_nome}}*! 🎉

✂️ Serviço: {{servicos_promocao}}

💰 De R$ {{valor_normal}} por apenas *R$ {{valor_promocional}}*

👨‍🔧 Válido com: {{profissionais_promocao}}

Garanta seu horário:
{{link_promocao}}

Te esperamos! 🙏', 'active', '2026-05-02T17:06:31.895089+00:00', '2026-05-02T17:06:31.895089+00:00', 'promocao-combinada-1700', 'e3fcb4d6-37ca-4d60-87ea-55f9d1b4be11', 22.5, 25, '83b47116-366a-43f6-9dc5-0667a7cad652', '["e3fcb4d6-37ca-4d60-87ea-55f9d1b4be11"]'::jsonb, 'percentage', 10, 'traditional', NULL, NULL, false, false, '[0, 1, 2, 3, 4, 5, 6]'::jsonb, 0, 'manual', NULL, '2026-05-02T17:06:30.58+00:00', NULL, '{}'::jsonb) ON CONFLICT DO NOTHING;
INSERT INTO public.promotions (id, company_id, title, description, start_date, end_date, start_time, end_time, max_slots, used_slots, client_filter, client_filter_value, professional_filter, professional_ids, message_template, status, created_at, updated_at, slug, service_id, promotion_price, original_price, created_by, service_ids, discount_type, discount_value, promotion_type, cashback_validity_days, cashback_rules_text, cashback_cumulative, use_business_hours, valid_days, min_interval_minutes, promotion_mode, source_insight, booking_opens_at, booking_closes_at, metadata) VALUES ('10d90c09-8b6f-439e-b907-63d29237b135', 'ba00be4b-a872-4d08-880a-a5033b40ed3f', 'Saudades de você! ❤️', 'Faz tempo que não te vemos! Ganhe um desconto para seu próximo retorno.', '2026-05-07', '2026-05-07', NULL, NULL, 0, 0, 'inactive', 30, 'selected', '["83b47116-366a-43f6-9dc5-0667a7cad652"]'::jsonb, 'Olá {{cliente_primeiro_nome}}, tudo bem? 😊

Faz tempo que você não nos visita na {{empresa_nome}}... Saiba que sentimos sua falta!

Para te incentivar a voltar, aqui está um cupom de R$ 10,00 para seu próximo agendamento: {{link_promocao}}', 'active', '2026-05-04T18:25:56.182671+00:00', '2026-05-04T18:25:56.182671+00:00', 'saudades-de-voce', NULL, NULL, NULL, '83b47116-366a-43f6-9dc5-0667a7cad652', '["6f584d07-ca57-40d4-b699-3589d1accfb0", "e3fcb4d6-37ca-4d60-87ea-55f9d1b4be11", "39aca120-d826-440d-b7f1-c940e9564238", "16fb781c-bef1-4c74-b337-aedfc43aa5cb", "dc90f263-02f9-45bd-81e1-58ff35967e7c", "78421c04-e7c6-4eac-84f1-bfa6bd0107c4"]'::jsonb, 'percentage', 15, 'traditional', NULL, NULL, false, true, '[0, 1, 2, 3, 4, 5, 6]'::jsonb, 0, 'smart', 'reactivation', '2026-05-04T12:00:00+00:00', NULL, '{}'::jsonb) ON CONFLICT DO NOTHING;
INSERT INTO public.promotions (id, company_id, title, description, start_date, end_date, start_time, end_time, max_slots, used_slots, client_filter, client_filter_value, professional_filter, professional_ids, message_template, status, created_at, updated_at, slug, service_id, promotion_price, original_price, created_by, service_ids, discount_type, discount_value, promotion_type, cashback_validity_days, cashback_rules_text, cashback_cumulative, use_business_hours, valid_days, min_interval_minutes, promotion_mode, source_insight, booking_opens_at, booking_closes_at, metadata) VALUES ('ac02a16a-c906-4fed-a3fb-d421bb5fd7ea', 'ba00be4b-a872-4d08-880a-a5033b40ed3f', 'Agenda Especial da Semana', 'Aproveite nossos horários disponíveis nesta semana com uma condição especial!', '2026-05-07', '2026-05-07', '16:40:00', '17:10:00', 1, 0, 'all', NULL, 'selected', '["83b47116-366a-43f6-9dc5-0667a7cad652"]'::jsonb, 'Olá {{cliente_nome}}! 👋

Estamos com uma promoção especial na *{{empresa_nome}}*! 🎉

✂️ Serviço: {{servicos_promocao}}

💰 De R$ {{valor_normal}} por apenas *R$ {{valor_promocional}}*

👨‍🔧 Válido com: {{profissionais_promocao}}

Garanta seu horário:
{{link_promocao}}

Te esperamos! 🙏', 'active', '2026-05-07T13:30:21.201772+00:00', '2026-05-07T13:30:21.201772+00:00', 'agenda-especial-da-semana-2026-05-07-1640', NULL, NULL, NULL, '83b47116-366a-43f6-9dc5-0667a7cad652', '["6f584d07-ca57-40d4-b699-3589d1accfb0", "e3fcb4d6-37ca-4d60-87ea-55f9d1b4be11", "39aca120-d826-440d-b7f1-c940e9564238", "16fb781c-bef1-4c74-b337-aedfc43aa5cb", "dc90f263-02f9-45bd-81e1-58ff35967e7c", "78421c04-e7c6-4eac-84f1-bfa6bd0107c4"]'::jsonb, 'percentage', 15, 'traditional', NULL, NULL, false, false, '[0, 1, 2, 3, 4, 5, 6]'::jsonb, 0, 'manual', NULL, '2026-05-07T13:30:19.539+00:00', NULL, '{}'::jsonb) ON CONFLICT DO NOTHING;
INSERT INTO public.promotions (id, company_id, title, description, start_date, end_date, start_time, end_time, max_slots, used_slots, client_filter, client_filter_value, professional_filter, professional_ids, message_template, status, created_at, updated_at, slug, service_id, promotion_price, original_price, created_by, service_ids, discount_type, discount_value, promotion_type, cashback_validity_days, cashback_rules_text, cashback_cumulative, use_business_hours, valid_days, min_interval_minutes, promotion_mode, source_insight, booking_opens_at, booking_closes_at, metadata) VALUES ('c0ea893d-8f77-4b5e-978d-2842d7db4572', 'ba00be4b-a872-4d08-880a-a5033b40ed3f', 'Agenda Especial da Semana', 'Aproveite nossos horários disponíveis nesta semana com uma condição especial!', '2026-05-07', '2026-05-07', '16:20:00', '16:50:00', 1, 0, 'all', NULL, 'selected', '["83b47116-366a-43f6-9dc5-0667a7cad652"]'::jsonb, 'Olá {{cliente_nome}}! 👋

Estamos com uma promoção especial na *{{empresa_nome}}*! 🎉

✂️ Serviço: {{servicos_promocao}}

💰 De R$ {{valor_normal}} por apenas *R$ {{valor_promocional}}*

👨‍🔧 Válido com: {{profissionais_promocao}}

Garanta seu horário:
{{link_promocao}}

Te esperamos! 🙏', 'active', '2026-05-07T13:30:21.201863+00:00', '2026-05-07T13:30:21.201863+00:00', 'agenda-especial-da-semana-2026-05-07-1620', NULL, NULL, NULL, '83b47116-366a-43f6-9dc5-0667a7cad652', '["6f584d07-ca57-40d4-b699-3589d1accfb0", "e3fcb4d6-37ca-4d60-87ea-55f9d1b4be11", "39aca120-d826-440d-b7f1-c940e9564238", "16fb781c-bef1-4c74-b337-aedfc43aa5cb", "dc90f263-02f9-45bd-81e1-58ff35967e7c", "78421c04-e7c6-4eac-84f1-bfa6bd0107c4"]'::jsonb, 'percentage', 15, 'traditional', NULL, NULL, false, false, '[0, 1, 2, 3, 4, 5, 6]'::jsonb, 0, 'manual', NULL, '2026-05-07T13:30:19.539+00:00', NULL, '{}'::jsonb) ON CONFLICT DO NOTHING;
INSERT INTO public.promotions (id, company_id, title, description, start_date, end_date, start_time, end_time, max_slots, used_slots, client_filter, client_filter_value, professional_filter, professional_ids, message_template, status, created_at, updated_at, slug, service_id, promotion_price, original_price, created_by, service_ids, discount_type, discount_value, promotion_type, cashback_validity_days, cashback_rules_text, cashback_cumulative, use_business_hours, valid_days, min_interval_minutes, promotion_mode, source_insight, booking_opens_at, booking_closes_at, metadata) VALUES ('994547f0-6dc1-4ddd-9971-f5f4a2e3a247', 'ba00be4b-a872-4d08-880a-a5033b40ed3f', 'Agenda Especial da Semana', 'Aproveite nossos horários disponíveis nesta semana com uma condição especial!', '2026-05-07', '2026-05-07', '11:09:00', '11:39:00', 1, 0, 'all', NULL, 'selected', '["83b47116-366a-43f6-9dc5-0667a7cad652"]'::jsonb, 'Olá {{cliente_nome}}! 👋

Estamos com uma promoção especial na *{{empresa_nome}}*! 🎉

✂️ Serviço: {{servicos_promocao}}

💰 De R$ {{valor_normal}} por apenas *R$ {{valor_promocional}}*

👨‍🔧 Válido com: {{profissionais_promocao}}

Garanta seu horário:
{{link_promocao}}

Te esperamos! 🙏', 'active', '2026-05-07T13:30:21.199715+00:00', '2026-05-07T13:30:21.199715+00:00', 'agenda-especial-da-semana-2026-05-07-1109', NULL, NULL, NULL, '83b47116-366a-43f6-9dc5-0667a7cad652', '["6f584d07-ca57-40d4-b699-3589d1accfb0", "e3fcb4d6-37ca-4d60-87ea-55f9d1b4be11", "39aca120-d826-440d-b7f1-c940e9564238", "16fb781c-bef1-4c74-b337-aedfc43aa5cb", "dc90f263-02f9-45bd-81e1-58ff35967e7c", "78421c04-e7c6-4eac-84f1-bfa6bd0107c4"]'::jsonb, 'percentage', 15, 'traditional', NULL, NULL, false, false, '[0, 1, 2, 3, 4, 5, 6]'::jsonb, 0, 'manual', NULL, '2026-05-07T13:30:19.539+00:00', NULL, '{}'::jsonb) ON CONFLICT DO NOTHING;
INSERT INTO public.promotions (id, company_id, title, description, start_date, end_date, start_time, end_time, max_slots, used_slots, client_filter, client_filter_value, professional_filter, professional_ids, message_template, status, created_at, updated_at, slug, service_id, promotion_price, original_price, created_by, service_ids, discount_type, discount_value, promotion_type, cashback_validity_days, cashback_rules_text, cashback_cumulative, use_business_hours, valid_days, min_interval_minutes, promotion_mode, source_insight, booking_opens_at, booking_closes_at, metadata) VALUES ('999bc961-9334-4590-9145-fbbeb43eb84c', 'ba00be4b-a872-4d08-880a-a5033b40ed3f', 'Cashback em Dobro nesta Semana', 'Agende um horário selecionado e ganhe o dobro de cashback para sua próxima visita!', '2026-05-08', '2026-05-08', '09:20:00', '09:50:00', 1, 0, 'all', NULL, 'selected', '["83b47116-366a-43f6-9dc5-0667a7cad652"]'::jsonb, 'Olá {{cliente_nome}}! 👋

Estamos com uma promoção especial na *{{empresa_nome}}*! 🎉

✂️ Serviço: {{servicos_promocao}}

💰 De R$ {{valor_normal}} por apenas *R$ {{valor_promocional}}*

👨‍🔧 Válido com: {{profissionais_promocao}}

Garanta seu horário:
{{link_promocao}}

Te esperamos! 🙏', 'active', '2026-05-07T14:21:12.992425+00:00', '2026-05-07T14:21:12.992425+00:00', 'cashback-em-dobro-nesta-semana', NULL, NULL, NULL, '83b47116-366a-43f6-9dc5-0667a7cad652', '["6f584d07-ca57-40d4-b699-3589d1accfb0", "e3fcb4d6-37ca-4d60-87ea-55f9d1b4be11", "39aca120-d826-440d-b7f1-c940e9564238", "16fb781c-bef1-4c74-b337-aedfc43aa5cb", "dc90f263-02f9-45bd-81e1-58ff35967e7c", "78421c04-e7c6-4eac-84f1-bfa6bd0107c4"]'::jsonb, 'percentage', 0, 'traditional', NULL, NULL, false, false, '[0, 1, 2, 3, 4, 5, 6]'::jsonb, 0, 'manual', NULL, '2026-05-07T14:21:11.894+00:00', NULL, '{}'::jsonb) ON CONFLICT DO NOTHING;
INSERT INTO public.promotions (id, company_id, title, description, start_date, end_date, start_time, end_time, max_slots, used_slots, client_filter, client_filter_value, professional_filter, professional_ids, message_template, status, created_at, updated_at, slug, service_id, promotion_price, original_price, created_by, service_ids, discount_type, discount_value, promotion_type, cashback_validity_days, cashback_rules_text, cashback_cumulative, use_business_hours, valid_days, min_interval_minutes, promotion_mode, source_insight, booking_opens_at, booking_closes_at, metadata) VALUES ('fe2f2048-4cef-4f08-bda4-30a34800538a', '746ad0ac-8aea-468c-8bda-a89b87bef60c', 'Promoção de Aniversario', 'Venha comemorar o aiversario da VIP Barbearia', '2026-05-12', '2026-05-15', NULL, NULL, 0, 2, 'all', NULL, 'all', NULL, 'Olá {{cliente_nome}}! 👋

Estamos com uma promoção especial na *{{empresa_nome}}*! 🎉

✂️ Serviço: {{servicos_promocao}}

💰 De R$ {{valor_normal}} por apenas *R$ {{valor_promocional}}*

👨‍🔧 Válido com: {{profissionais_promocao}}

Garanta seu horário:
{{link_promocao}}

Te esperamos! 🙏', 'active', '2026-05-04T16:58:08.278935+00:00', '2026-05-11T18:06:35.711147+00:00', 'promocao-de-aniversario', NULL, NULL, NULL, '4b63dd02-bb7a-4904-8cb5-d3efcd30bade', '["7462299d-6bd3-4bb0-a230-bba302f74c37", "48194408-e861-4961-8ab4-d0aaaea8f8f1", "7139d5da-0a78-454f-80fb-58b5ae929ef2", "6749be52-075f-4978-9bfe-8f0be86a9eec", "e6b629e3-3fc1-48f2-84d5-55f1e61bb040", "cbd159e0-4d8f-4cdc-b781-d7a50466ea1d", "6ebc91cb-d8a7-4b15-a70c-39a4a139043d", "ff30a5fb-2418-4d39-8d5a-64055f850be9", "cec94ff6-9a4f-4a8f-a12e-97ed7ff41037"]'::jsonb, 'percentage', 15, 'traditional', NULL, NULL, false, true, '[0, 1, 2, 3, 4, 5, 6]'::jsonb, 0, 'manual', NULL, '2026-05-04T12:00:00+00:00', NULL, '{}'::jsonb) ON CONFLICT DO NOTHING;
INSERT INTO public.promotions (id, company_id, title, description, start_date, end_date, start_time, end_time, max_slots, used_slots, client_filter, client_filter_value, professional_filter, professional_ids, message_template, status, created_at, updated_at, slug, service_id, promotion_price, original_price, created_by, service_ids, discount_type, discount_value, promotion_type, cashback_validity_days, cashback_rules_text, cashback_cumulative, use_business_hours, valid_days, min_interval_minutes, promotion_mode, source_insight, booking_opens_at, booking_closes_at, metadata) VALUES ('e00c7bf9-c116-4ced-8b15-65befeab031b', 'ba00be4b-a872-4d08-880a-a5033b40ed3f', 'Agenda Especial da Semana', 'Aproveite nossos horários disponíveis nesta semana com uma condição especial!', '2026-05-08', '2026-05-08', '10:50:00', '11:20:00', 1, 0, 'all', NULL, 'selected', '["83b47116-366a-43f6-9dc5-0667a7cad652"]'::jsonb, 'Olá {{cliente_primeiro_nome}}! 👋

Temos uma condição especial em horários selecionados com Raphael Hauck nesta semana na {{empresa_nome}}. 🎉

Horários disponíveis:
- sexta-feira: 10:50

Garanta seu horário pelo link: {{link_promocao}}', 'active', '2026-05-07T14:47:12.513652+00:00', '2026-05-07T14:47:12.513652+00:00', 'agenda-especial-da-semana', NULL, NULL, NULL, '83b47116-366a-43f6-9dc5-0667a7cad652', '["6f584d07-ca57-40d4-b699-3589d1accfb0", "e3fcb4d6-37ca-4d60-87ea-55f9d1b4be11", "39aca120-d826-440d-b7f1-c940e9564238", "16fb781c-bef1-4c74-b337-aedfc43aa5cb", "dc90f263-02f9-45bd-81e1-58ff35967e7c", "78421c04-e7c6-4eac-84f1-bfa6bd0107c4"]'::jsonb, 'percentage', 15, 'traditional', NULL, NULL, false, false, '[0, 1, 2, 3, 4, 5, 6]'::jsonb, 0, 'manual', NULL, '2026-05-07T14:47:11.842+00:00', NULL, '{}'::jsonb) ON CONFLICT DO NOTHING;
INSERT INTO public.promotions (id, company_id, title, description, start_date, end_date, start_time, end_time, max_slots, used_slots, client_filter, client_filter_value, professional_filter, professional_ids, message_template, status, created_at, updated_at, slug, service_id, promotion_price, original_price, created_by, service_ids, discount_type, discount_value, promotion_type, cashback_validity_days, cashback_rules_text, cashback_cumulative, use_business_hours, valid_days, min_interval_minutes, promotion_mode, source_insight, booking_opens_at, booking_closes_at, metadata) VALUES ('887dd541-9523-4939-95fe-b6d34579d525', 'ba00be4b-a872-4d08-880a-a5033b40ed3f', 'Cashback em Dobro nesta Semana', 'Agende um horário selecionado e ganhe o dobro de cashback para sua próxima visita!', '2026-05-08', '2026-05-08', '11:10:00', '11:40:00', 1, 0, 'all', NULL, 'selected', '["83b47116-366a-43f6-9dc5-0667a7cad652"]'::jsonb, 'Olá {{cliente_primeiro_nome}}! 👋

Temos uma condição especial com CASHBACK EM DOBRO 💰 em horários selecionados com Raphael Hauck nesta semana na {{empresa_nome}}. 🎉

Horários disponíveis:
- sexta-feira: 11:10

Garanta seu horário pelo link: {{link_promocao}}', 'active', '2026-05-07T15:06:55.595488+00:00', '2026-05-07T15:06:55.595488+00:00', 'cashback-em-dobro-nesta-semana-20260508-1110-83b4-00-556x', NULL, NULL, NULL, '83b47116-366a-43f6-9dc5-0667a7cad652', '["6f584d07-ca57-40d4-b699-3589d1accfb0", "e3fcb4d6-37ca-4d60-87ea-55f9d1b4be11", "39aca120-d826-440d-b7f1-c940e9564238", "16fb781c-bef1-4c74-b337-aedfc43aa5cb", "dc90f263-02f9-45bd-81e1-58ff35967e7c", "78421c04-e7c6-4eac-84f1-bfa6bd0107c4"]'::jsonb, 'percentage', 0, 'smart', NULL, NULL, false, false, '[0, 1, 2, 3, 4, 5, 6]'::jsonb, 0, 'manual', 'week_gap', '2026-05-07T15:06:54.491+00:00', NULL, '{"incentive_config": {"type": "double_cashback", "multiplier": 2}}'::jsonb) ON CONFLICT DO NOTHING;
INSERT INTO public.promotions (id, company_id, title, description, start_date, end_date, start_time, end_time, max_slots, used_slots, client_filter, client_filter_value, professional_filter, professional_ids, message_template, status, created_at, updated_at, slug, service_id, promotion_price, original_price, created_by, service_ids, discount_type, discount_value, promotion_type, cashback_validity_days, cashback_rules_text, cashback_cumulative, use_business_hours, valid_days, min_interval_minutes, promotion_mode, source_insight, booking_opens_at, booking_closes_at, metadata) VALUES ('343d5d1d-24db-4321-a6fe-c098dfc54206', 'ba00be4b-a872-4d08-880a-a5033b40ed3f', 'Cashback em Dobro nesta Semana', 'Agende um horário selecionado e ganhe o dobro de cashback para sua próxima visita!', '2026-05-08', '2026-05-08', '13:20:00', '13:50:00', 1, 0, 'all', NULL, 'selected', '["83b47116-366a-43f6-9dc5-0667a7cad652"]'::jsonb, 'Olá {{cliente_primeiro_nome}}! 👋

Temos uma condição especial com CASHBACK EM DOBRO 💰 em horários selecionados com Raphael Hauck nesta semana na {{empresa_nome}}. 🎉

Horários disponíveis:
- sexta-feira: 13:20

Garanta seu horário pelo link: {{link_promocao}}', 'active', '2026-05-07T15:19:23.561382+00:00', '2026-05-07T15:19:23.561382+00:00', 'cashback-em-dobro-nesta-semana-20260508-1320-83b4-00-m5lc', NULL, NULL, NULL, '83b47116-366a-43f6-9dc5-0667a7cad652', '["6f584d07-ca57-40d4-b699-3589d1accfb0", "e3fcb4d6-37ca-4d60-87ea-55f9d1b4be11", "39aca120-d826-440d-b7f1-c940e9564238", "16fb781c-bef1-4c74-b337-aedfc43aa5cb", "dc90f263-02f9-45bd-81e1-58ff35967e7c", "78421c04-e7c6-4eac-84f1-bfa6bd0107c4"]'::jsonb, 'percentage', 0, 'smart', NULL, NULL, false, false, '[0, 1, 2, 3, 4, 5, 6]'::jsonb, 0, 'manual', 'week_gap', '2026-05-07T15:19:23.218+00:00', NULL, '{"incentive_config": {"type": "double_cashback", "multiplier": 2}}'::jsonb) ON CONFLICT DO NOTHING;
INSERT INTO public.promotions (id, company_id, title, description, start_date, end_date, start_time, end_time, max_slots, used_slots, client_filter, client_filter_value, professional_filter, professional_ids, message_template, status, created_at, updated_at, slug, service_id, promotion_price, original_price, created_by, service_ids, discount_type, discount_value, promotion_type, cashback_validity_days, cashback_rules_text, cashback_cumulative, use_business_hours, valid_days, min_interval_minutes, promotion_mode, source_insight, booking_opens_at, booking_closes_at, metadata) VALUES ('f736563d-26a7-480b-b419-1c979a07f333', 'ba00be4b-a872-4d08-880a-a5033b40ed3f', 'Cashback em Dobro nesta Semana', 'Agende um horário selecionado e ganhe o dobro de cashback para sua próxima visita!', '2026-05-08', '2026-05-08', '14:00:00', '14:30:00', 1, 0, 'all', NULL, 'selected', '["83b47116-366a-43f6-9dc5-0667a7cad652"]'::jsonb, 'Olá {{cliente_primeiro_nome}}! 👋

Temos uma condição especial com CASHBACK EM DOBRO 💰 em horários selecionados com Raphael Hauck nesta semana na {{empresa_nome}}. 🎉

Horários disponíveis:
- sexta-feira: 10:10, 11:30, 13:00, 14:00

Garanta seu horário pelo link: {{link_promocao}}', 'active', '2026-05-07T17:29:16.612687+00:00', '2026-05-07T17:29:16.612687+00:00', 'cashback-em-dobro-nesta-semana-20260508-1400-83b4-02-gmxi', NULL, NULL, NULL, '83b47116-366a-43f6-9dc5-0667a7cad652', '["6f584d07-ca57-40d4-b699-3589d1accfb0", "e3fcb4d6-37ca-4d60-87ea-55f9d1b4be11", "39aca120-d826-440d-b7f1-c940e9564238", "16fb781c-bef1-4c74-b337-aedfc43aa5cb", "dc90f263-02f9-45bd-81e1-58ff35967e7c", "78421c04-e7c6-4eac-84f1-bfa6bd0107c4"]'::jsonb, 'percentage', 0, 'smart', NULL, NULL, false, false, '[0, 1, 2, 3, 4, 5, 6]'::jsonb, 0, 'manual', 'week_gap', '2026-05-07T17:29:15.447+00:00', NULL, '{"incentive_config": {"type": "double_cashback", "multiplier": 2}}'::jsonb) ON CONFLICT DO NOTHING;
INSERT INTO public.promotions (id, company_id, title, description, start_date, end_date, start_time, end_time, max_slots, used_slots, client_filter, client_filter_value, professional_filter, professional_ids, message_template, status, created_at, updated_at, slug, service_id, promotion_price, original_price, created_by, service_ids, discount_type, discount_value, promotion_type, cashback_validity_days, cashback_rules_text, cashback_cumulative, use_business_hours, valid_days, min_interval_minutes, promotion_mode, source_insight, booking_opens_at, booking_closes_at, metadata) VALUES ('d827d75f-159a-42c1-a8c1-7e90fa726b6b', 'ba00be4b-a872-4d08-880a-a5033b40ed3f', 'Cashback em Dobro nesta Semana', 'Agende um horário selecionado e ganhe o dobro de cashback para sua próxima visita!', '2026-05-08', '2026-05-08', '11:30:00', '12:00:00', 1, 0, 'all', NULL, 'selected', '["83b47116-366a-43f6-9dc5-0667a7cad652"]'::jsonb, 'Olá {{cliente_primeiro_nome}}! 👋

Temos uma condição especial com CASHBACK EM DOBRO 💰 em horários selecionados com Raphael Hauck nesta semana na {{empresa_nome}}. 🎉

Horários disponíveis:
- sexta-feira: 10:10, 11:30, 13:00, 14:00

Garanta seu horário pelo link: {{link_promocao}}', 'active', '2026-05-07T17:29:16.604387+00:00', '2026-05-07T17:29:16.604387+00:00', 'cashback-em-dobro-nesta-semana-20260508-1130-83b4-03-qgy2', NULL, NULL, NULL, '83b47116-366a-43f6-9dc5-0667a7cad652', '["6f584d07-ca57-40d4-b699-3589d1accfb0", "e3fcb4d6-37ca-4d60-87ea-55f9d1b4be11", "39aca120-d826-440d-b7f1-c940e9564238", "16fb781c-bef1-4c74-b337-aedfc43aa5cb", "dc90f263-02f9-45bd-81e1-58ff35967e7c", "78421c04-e7c6-4eac-84f1-bfa6bd0107c4"]'::jsonb, 'percentage', 0, 'smart', NULL, NULL, false, false, '[0, 1, 2, 3, 4, 5, 6]'::jsonb, 0, 'manual', 'week_gap', '2026-05-07T17:29:15.447+00:00', NULL, '{"incentive_config": {"type": "double_cashback", "multiplier": 2}}'::jsonb) ON CONFLICT DO NOTHING;
INSERT INTO public.promotions (id, company_id, title, description, start_date, end_date, start_time, end_time, max_slots, used_slots, client_filter, client_filter_value, professional_filter, professional_ids, message_template, status, created_at, updated_at, slug, service_id, promotion_price, original_price, created_by, service_ids, discount_type, discount_value, promotion_type, cashback_validity_days, cashback_rules_text, cashback_cumulative, use_business_hours, valid_days, min_interval_minutes, promotion_mode, source_insight, booking_opens_at, booking_closes_at, metadata) VALUES ('d8e3c0ce-78c3-448f-989a-bf908ad79bed', 'ba00be4b-a872-4d08-880a-a5033b40ed3f', 'Cashback em Dobro nesta Semana', 'Agende um horário selecionado e ganhe o dobro de cashback para sua próxima visita!', '2026-05-08', '2026-05-08', '13:00:00', '13:30:00', 1, 0, 'all', NULL, 'selected', '["83b47116-366a-43f6-9dc5-0667a7cad652"]'::jsonb, 'Olá {{cliente_primeiro_nome}}! 👋

Temos uma condição especial com CASHBACK EM DOBRO 💰 em horários selecionados com Raphael Hauck nesta semana na {{empresa_nome}}. 🎉

Horários disponíveis:
- sexta-feira: 10:10, 11:30, 13:00, 14:00

Garanta seu horário pelo link: {{link_promocao}}', 'active', '2026-05-07T17:29:16.603232+00:00', '2026-05-07T17:29:16.603232+00:00', 'cashback-em-dobro-nesta-semana-20260508-1300-83b4-01-3bgz', NULL, NULL, NULL, '83b47116-366a-43f6-9dc5-0667a7cad652', '["6f584d07-ca57-40d4-b699-3589d1accfb0", "e3fcb4d6-37ca-4d60-87ea-55f9d1b4be11", "39aca120-d826-440d-b7f1-c940e9564238", "16fb781c-bef1-4c74-b337-aedfc43aa5cb", "dc90f263-02f9-45bd-81e1-58ff35967e7c", "78421c04-e7c6-4eac-84f1-bfa6bd0107c4"]'::jsonb, 'percentage', 0, 'smart', NULL, NULL, false, false, '[0, 1, 2, 3, 4, 5, 6]'::jsonb, 0, 'manual', 'week_gap', '2026-05-07T17:29:15.447+00:00', NULL, '{"incentive_config": {"type": "double_cashback", "multiplier": 2}}'::jsonb) ON CONFLICT DO NOTHING;
INSERT INTO public.promotions (id, company_id, title, description, start_date, end_date, start_time, end_time, max_slots, used_slots, client_filter, client_filter_value, professional_filter, professional_ids, message_template, status, created_at, updated_at, slug, service_id, promotion_price, original_price, created_by, service_ids, discount_type, discount_value, promotion_type, cashback_validity_days, cashback_rules_text, cashback_cumulative, use_business_hours, valid_days, min_interval_minutes, promotion_mode, source_insight, booking_opens_at, booking_closes_at, metadata) VALUES ('f8705602-35af-4ff3-91b2-6a2f5d70f306', 'ba00be4b-a872-4d08-880a-a5033b40ed3f', 'Cashback em Dobro nesta Semana', 'Agende um horário selecionado e ganhe o dobro de cashback para sua próxima visita!', '2026-05-08', '2026-05-08', '10:10:00', '10:40:00', 1, 0, 'all', NULL, 'selected', '["83b47116-366a-43f6-9dc5-0667a7cad652"]'::jsonb, 'Olá {{cliente_primeiro_nome}}! 👋

Temos uma condição especial com CASHBACK EM DOBRO 💰 em horários selecionados com Raphael Hauck nesta semana na {{empresa_nome}}. 🎉

Horários disponíveis:
- sexta-feira: 10:10, 11:30, 13:00, 14:00

Garanta seu horário pelo link: {{link_promocao}}', 'active', '2026-05-07T17:29:16.604382+00:00', '2026-05-07T17:29:16.604382+00:00', 'cashback-em-dobro-nesta-semana-20260508-1010-83b4-00-uyx6', NULL, NULL, NULL, '83b47116-366a-43f6-9dc5-0667a7cad652', '["6f584d07-ca57-40d4-b699-3589d1accfb0", "e3fcb4d6-37ca-4d60-87ea-55f9d1b4be11", "39aca120-d826-440d-b7f1-c940e9564238", "16fb781c-bef1-4c74-b337-aedfc43aa5cb", "dc90f263-02f9-45bd-81e1-58ff35967e7c", "78421c04-e7c6-4eac-84f1-bfa6bd0107c4"]'::jsonb, 'percentage', 0, 'smart', NULL, NULL, false, false, '[0, 1, 2, 3, 4, 5, 6]'::jsonb, 0, 'manual', 'week_gap', '2026-05-07T17:29:15.447+00:00', NULL, '{"incentive_config": {"type": "double_cashback", "multiplier": 2}}'::jsonb) ON CONFLICT DO NOTHING;
INSERT INTO public.promotions (id, company_id, title, description, start_date, end_date, start_time, end_time, max_slots, used_slots, client_filter, client_filter_value, professional_filter, professional_ids, message_template, status, created_at, updated_at, slug, service_id, promotion_price, original_price, created_by, service_ids, discount_type, discount_value, promotion_type, cashback_validity_days, cashback_rules_text, cashback_cumulative, use_business_hours, valid_days, min_interval_minutes, promotion_mode, source_insight, booking_opens_at, booking_closes_at, metadata) VALUES ('4d666a81-4b83-48eb-b5ab-da107ea0e0a5', 'ba00be4b-a872-4d08-880a-a5033b40ed3f', 'Cashback em Dobro nesta Semana', 'Agende um horário selecionado e ganhe o dobro de cashback para sua próxima visita!', '2026-05-08', '2026-05-08', '16:00:00', '16:30:00', 1, 0, 'all', NULL, 'selected', '["83b47116-366a-43f6-9dc5-0667a7cad652"]'::jsonb, 'Olá {{cliente_primeiro_nome}}! 👋

Temos uma condição especial com CASHBACK EM DOBRO 💰 em horários selecionados com Raphael Hauck nesta semana na {{empresa_nome}}. 🎉

Horários disponíveis:
- sexta-feira: 15:20, 15:40, 16:00

Garanta seu horário pelo link: {{link_promocao}}', 'active', '2026-05-07T20:03:26.313554+00:00', '2026-05-07T20:03:26.313554+00:00', 'cashback-em-dobro-nesta-semana-20260508-1600-83b4-02-1jth', NULL, NULL, NULL, '83b47116-366a-43f6-9dc5-0667a7cad652', '["6f584d07-ca57-40d4-b699-3589d1accfb0", "e3fcb4d6-37ca-4d60-87ea-55f9d1b4be11", "39aca120-d826-440d-b7f1-c940e9564238", "16fb781c-bef1-4c74-b337-aedfc43aa5cb", "dc90f263-02f9-45bd-81e1-58ff35967e7c", "78421c04-e7c6-4eac-84f1-bfa6bd0107c4"]'::jsonb, 'percentage', 0, 'traditional', NULL, NULL, false, false, '[0, 1, 2, 3, 4, 5, 6]'::jsonb, 0, 'manual', 'week_gap', '2026-05-07T20:03:25.989+00:00', NULL, '{"incentive_config": {"type": "double_cashback", "multiplier": 2}}'::jsonb) ON CONFLICT DO NOTHING;
INSERT INTO public.promotions (id, company_id, title, description, start_date, end_date, start_time, end_time, max_slots, used_slots, client_filter, client_filter_value, professional_filter, professional_ids, message_template, status, created_at, updated_at, slug, service_id, promotion_price, original_price, created_by, service_ids, discount_type, discount_value, promotion_type, cashback_validity_days, cashback_rules_text, cashback_cumulative, use_business_hours, valid_days, min_interval_minutes, promotion_mode, source_insight, booking_opens_at, booking_closes_at, metadata) VALUES ('3f0d1e20-4d2b-4554-b0ad-cf61544958b8', 'ba00be4b-a872-4d08-880a-a5033b40ed3f', 'Cashback em Dobro nesta Semana', 'Agende um horário selecionado e ganhe o dobro de cashback para sua próxima visita!', '2026-05-08', '2026-05-08', '15:40:00', '16:10:00', 1, 0, 'all', NULL, 'selected', '["83b47116-366a-43f6-9dc5-0667a7cad652"]'::jsonb, 'Olá {{cliente_primeiro_nome}}! 👋

Temos uma condição especial com CASHBACK EM DOBRO 💰 em horários selecionados com Raphael Hauck nesta semana na {{empresa_nome}}. 🎉

Horários disponíveis:
- sexta-feira: 15:20, 15:40, 16:00

Garanta seu horário pelo link: {{link_promocao}}', 'active', '2026-05-07T20:03:26.313827+00:00', '2026-05-07T20:03:26.313827+00:00', 'cashback-em-dobro-nesta-semana-20260508-1540-83b4-01-ryu0', NULL, NULL, NULL, '83b47116-366a-43f6-9dc5-0667a7cad652', '["6f584d07-ca57-40d4-b699-3589d1accfb0", "e3fcb4d6-37ca-4d60-87ea-55f9d1b4be11", "39aca120-d826-440d-b7f1-c940e9564238", "16fb781c-bef1-4c74-b337-aedfc43aa5cb", "dc90f263-02f9-45bd-81e1-58ff35967e7c", "78421c04-e7c6-4eac-84f1-bfa6bd0107c4"]'::jsonb, 'percentage', 0, 'traditional', NULL, NULL, false, false, '[0, 1, 2, 3, 4, 5, 6]'::jsonb, 0, 'manual', 'week_gap', '2026-05-07T20:03:25.989+00:00', NULL, '{"incentive_config": {"type": "double_cashback", "multiplier": 2}}'::jsonb) ON CONFLICT DO NOTHING;
INSERT INTO public.promotions (id, company_id, title, description, start_date, end_date, start_time, end_time, max_slots, used_slots, client_filter, client_filter_value, professional_filter, professional_ids, message_template, status, created_at, updated_at, slug, service_id, promotion_price, original_price, created_by, service_ids, discount_type, discount_value, promotion_type, cashback_validity_days, cashback_rules_text, cashback_cumulative, use_business_hours, valid_days, min_interval_minutes, promotion_mode, source_insight, booking_opens_at, booking_closes_at, metadata) VALUES ('04117203-dd4e-4627-accf-0c56176e7aed', 'ba00be4b-a872-4d08-880a-a5033b40ed3f', 'Cashback em Dobro nesta Semana', 'Agende um horário selecionado e ganhe o dobro de cashback para sua próxima visita!', '2026-05-08', '2026-05-08', '15:20:00', '15:50:00', 1, 0, 'all', NULL, 'selected', '["83b47116-366a-43f6-9dc5-0667a7cad652"]'::jsonb, 'Olá {{cliente_primeiro_nome}}! 👋

Temos uma condição especial com CASHBACK EM DOBRO 💰 em horários selecionados com Raphael Hauck nesta semana na {{empresa_nome}}. 🎉

Horários disponíveis:
- sexta-feira: 15:20, 15:40, 16:00

Garanta seu horário pelo link: {{link_promocao}}', 'active', '2026-05-07T20:03:26.313383+00:00', '2026-05-07T20:03:26.313383+00:00', 'cashback-em-dobro-nesta-semana-20260508-1520-83b4-00-f9ix', NULL, NULL, NULL, '83b47116-366a-43f6-9dc5-0667a7cad652', '["6f584d07-ca57-40d4-b699-3589d1accfb0", "e3fcb4d6-37ca-4d60-87ea-55f9d1b4be11", "39aca120-d826-440d-b7f1-c940e9564238", "16fb781c-bef1-4c74-b337-aedfc43aa5cb", "dc90f263-02f9-45bd-81e1-58ff35967e7c", "78421c04-e7c6-4eac-84f1-bfa6bd0107c4"]'::jsonb, 'percentage', 0, 'traditional', NULL, NULL, false, false, '[0, 1, 2, 3, 4, 5, 6]'::jsonb, 0, 'manual', 'week_gap', '2026-05-07T20:03:25.988+00:00', NULL, '{"incentive_config": {"type": "double_cashback", "multiplier": 2}}'::jsonb) ON CONFLICT DO NOTHING;
INSERT INTO public.promotions (id, company_id, title, description, start_date, end_date, start_time, end_time, max_slots, used_slots, client_filter, client_filter_value, professional_filter, professional_ids, message_template, status, created_at, updated_at, slug, service_id, promotion_price, original_price, created_by, service_ids, discount_type, discount_value, promotion_type, cashback_validity_days, cashback_rules_text, cashback_cumulative, use_business_hours, valid_days, min_interval_minutes, promotion_mode, source_insight, booking_opens_at, booking_closes_at, metadata) VALUES ('04655c8b-7c5f-4efb-8a68-143b7d571417', 'ba00be4b-a872-4d08-880a-a5033b40ed3f', 'Cashback em Dobro nesta Semana', 'Agende um horário selecionado e ganhe o dobro de cashback para sua próxima visita!', '2026-05-08', '2026-05-08', '17:10:00', '17:40:00', 1, 0, 'all', NULL, 'selected', '["83b47116-366a-43f6-9dc5-0667a7cad652"]'::jsonb, 'Olá {{cliente_primeiro_nome}}! 👋

Temos uma condição especial com CASHBACK EM DOBRO 💰 em horários selecionados com Raphael Hauck nesta semana na {{empresa_nome}}. 🎉

Horários disponíveis:
- sexta-feira: 15:40, 16:00, 16:20, 17:10

Garanta seu horário pelo link: {{link_promocao}}', 'active', '2026-05-08T12:56:13.903886+00:00', '2026-05-08T12:56:13.903886+00:00', 'cashback-em-dobro-nesta-semana-20260508-1710-83b4-00-l0yc', NULL, NULL, NULL, '83b47116-366a-43f6-9dc5-0667a7cad652', '["6f584d07-ca57-40d4-b699-3589d1accfb0", "e3fcb4d6-37ca-4d60-87ea-55f9d1b4be11", "39aca120-d826-440d-b7f1-c940e9564238", "16fb781c-bef1-4c74-b337-aedfc43aa5cb", "dc90f263-02f9-45bd-81e1-58ff35967e7c", "78421c04-e7c6-4eac-84f1-bfa6bd0107c4"]'::jsonb, 'percentage', 0, 'traditional', NULL, NULL, false, false, '[0, 1, 2, 3, 4, 5, 6]'::jsonb, 0, 'manual', 'week_gap', '2026-05-08T12:56:11.991+00:00', NULL, '{"incentive_config": {"type": "double_cashback", "multiplier": 2}}'::jsonb) ON CONFLICT DO NOTHING;
INSERT INTO public.promotions (id, company_id, title, description, start_date, end_date, start_time, end_time, max_slots, used_slots, client_filter, client_filter_value, professional_filter, professional_ids, message_template, status, created_at, updated_at, slug, service_id, promotion_price, original_price, created_by, service_ids, discount_type, discount_value, promotion_type, cashback_validity_days, cashback_rules_text, cashback_cumulative, use_business_hours, valid_days, min_interval_minutes, promotion_mode, source_insight, booking_opens_at, booking_closes_at, metadata) VALUES ('d104ffa1-3d97-4133-afe2-70ec533f5a38', 'ba00be4b-a872-4d08-880a-a5033b40ed3f', 'Cashback em Dobro nesta Semana', 'Agende um horário selecionado e ganhe o dobro de cashback para sua próxima visita!', '2026-05-08', '2026-05-08', '16:00:00', '16:30:00', 1, 0, 'all', NULL, 'selected', '["83b47116-366a-43f6-9dc5-0667a7cad652"]'::jsonb, 'Olá {{cliente_primeiro_nome}}! 👋

Temos uma condição especial com CASHBACK EM DOBRO 💰 em horários selecionados com Raphael Hauck nesta semana na {{empresa_nome}}. 🎉

Horários disponíveis:
- sexta-feira: 15:40, 16:00, 16:20, 17:10

Garanta seu horário pelo link: {{link_promocao}}', 'active', '2026-05-08T12:56:13.911903+00:00', '2026-05-08T12:56:13.911903+00:00', 'cashback-em-dobro-nesta-semana-20260508-1600-83b4-02-8o1p', NULL, NULL, NULL, '83b47116-366a-43f6-9dc5-0667a7cad652', '["6f584d07-ca57-40d4-b699-3589d1accfb0", "e3fcb4d6-37ca-4d60-87ea-55f9d1b4be11", "39aca120-d826-440d-b7f1-c940e9564238", "16fb781c-bef1-4c74-b337-aedfc43aa5cb", "dc90f263-02f9-45bd-81e1-58ff35967e7c", "78421c04-e7c6-4eac-84f1-bfa6bd0107c4"]'::jsonb, 'percentage', 0, 'traditional', NULL, NULL, false, false, '[0, 1, 2, 3, 4, 5, 6]'::jsonb, 0, 'manual', 'week_gap', '2026-05-08T12:56:11.992+00:00', NULL, '{"incentive_config": {"type": "double_cashback", "multiplier": 2}}'::jsonb) ON CONFLICT DO NOTHING;
INSERT INTO public.promotions (id, company_id, title, description, start_date, end_date, start_time, end_time, max_slots, used_slots, client_filter, client_filter_value, professional_filter, professional_ids, message_template, status, created_at, updated_at, slug, service_id, promotion_price, original_price, created_by, service_ids, discount_type, discount_value, promotion_type, cashback_validity_days, cashback_rules_text, cashback_cumulative, use_business_hours, valid_days, min_interval_minutes, promotion_mode, source_insight, booking_opens_at, booking_closes_at, metadata) VALUES ('39e8342c-14fc-4b6b-98d2-90617d9ea775', 'ba00be4b-a872-4d08-880a-a5033b40ed3f', 'Cashback em Dobro nesta Semana', 'Agende um horário selecionado e ganhe o dobro de cashback para sua próxima visita!', '2026-05-08', '2026-05-08', '16:20:00', '16:50:00', 1, 0, 'all', NULL, 'selected', '["83b47116-366a-43f6-9dc5-0667a7cad652"]'::jsonb, 'Olá {{cliente_primeiro_nome}}! 👋

Temos uma condição especial com CASHBACK EM DOBRO 💰 em horários selecionados com Raphael Hauck nesta semana na {{empresa_nome}}. 🎉

Horários disponíveis:
- sexta-feira: 15:40, 16:00, 16:20, 17:10

Garanta seu horário pelo link: {{link_promocao}}', 'active', '2026-05-08T12:56:13.922196+00:00', '2026-05-08T12:56:13.922196+00:00', 'cashback-em-dobro-nesta-semana-20260508-1620-83b4-01-y22w', NULL, NULL, NULL, '83b47116-366a-43f6-9dc5-0667a7cad652', '["6f584d07-ca57-40d4-b699-3589d1accfb0", "e3fcb4d6-37ca-4d60-87ea-55f9d1b4be11", "39aca120-d826-440d-b7f1-c940e9564238", "16fb781c-bef1-4c74-b337-aedfc43aa5cb", "dc90f263-02f9-45bd-81e1-58ff35967e7c", "78421c04-e7c6-4eac-84f1-bfa6bd0107c4"]'::jsonb, 'percentage', 0, 'traditional', NULL, NULL, false, false, '[0, 1, 2, 3, 4, 5, 6]'::jsonb, 0, 'manual', 'week_gap', '2026-05-08T12:56:11.991+00:00', NULL, '{"incentive_config": {"type": "double_cashback", "multiplier": 2}}'::jsonb) ON CONFLICT DO NOTHING;
INSERT INTO public.promotions (id, company_id, title, description, start_date, end_date, start_time, end_time, max_slots, used_slots, client_filter, client_filter_value, professional_filter, professional_ids, message_template, status, created_at, updated_at, slug, service_id, promotion_price, original_price, created_by, service_ids, discount_type, discount_value, promotion_type, cashback_validity_days, cashback_rules_text, cashback_cumulative, use_business_hours, valid_days, min_interval_minutes, promotion_mode, source_insight, booking_opens_at, booking_closes_at, metadata) VALUES ('50ddf4d2-14d4-4fd1-b90d-71e073736b0d', 'ba00be4b-a872-4d08-880a-a5033b40ed3f', 'Cashback em Dobro nesta Semana', 'Agende um horário selecionado e ganhe o dobro de cashback para sua próxima visita!', '2026-05-08', '2026-05-08', '15:40:00', '16:10:00', 1, 0, 'all', NULL, 'selected', '["83b47116-366a-43f6-9dc5-0667a7cad652"]'::jsonb, 'Olá {{cliente_primeiro_nome}}! 👋

Temos uma condição especial com CASHBACK EM DOBRO 💰 em horários selecionados com Raphael Hauck nesta semana na {{empresa_nome}}. 🎉

Horários disponíveis:
- sexta-feira: 15:40, 16:00, 16:20, 17:10

Garanta seu horário pelo link: {{link_promocao}}', 'active', '2026-05-08T12:56:13.922219+00:00', '2026-05-08T12:56:13.922219+00:00', 'cashback-em-dobro-nesta-semana-20260508-1540-83b4-03-rclg', NULL, NULL, NULL, '83b47116-366a-43f6-9dc5-0667a7cad652', '["6f584d07-ca57-40d4-b699-3589d1accfb0", "e3fcb4d6-37ca-4d60-87ea-55f9d1b4be11", "39aca120-d826-440d-b7f1-c940e9564238", "16fb781c-bef1-4c74-b337-aedfc43aa5cb", "dc90f263-02f9-45bd-81e1-58ff35967e7c", "78421c04-e7c6-4eac-84f1-bfa6bd0107c4"]'::jsonb, 'percentage', 0, 'traditional', NULL, NULL, false, false, '[0, 1, 2, 3, 4, 5, 6]'::jsonb, 0, 'manual', 'week_gap', '2026-05-08T12:56:11.992+00:00', NULL, '{"incentive_config": {"type": "double_cashback", "multiplier": 2}}'::jsonb) ON CONFLICT DO NOTHING;
INSERT INTO public.promotions (id, company_id, title, description, start_date, end_date, start_time, end_time, max_slots, used_slots, client_filter, client_filter_value, professional_filter, professional_ids, message_template, status, created_at, updated_at, slug, service_id, promotion_price, original_price, created_by, service_ids, discount_type, discount_value, promotion_type, cashback_validity_days, cashback_rules_text, cashback_cumulative, use_business_hours, valid_days, min_interval_minutes, promotion_mode, source_insight, booking_opens_at, booking_closes_at, metadata) VALUES ('562ab75d-cae4-47e5-9291-cf1a09347c11', 'ba00be4b-a872-4d08-880a-a5033b40ed3f', 'Cashback em Dobro de Segunda', 'Agende um horário selecionado e ganhe o dobro de cashback para sua próxima visita!', '2026-05-11', '2026-05-11', '09:20:00', '09:50:00', 1, 0, 'all', NULL, 'selected', '["83b47116-366a-43f6-9dc5-0667a7cad652"]'::jsonb, 'Olá {{cliente_primeiro_nome}}! 👋

Temos uma condição especial com CASHBACK EM DOBRO 💰 em horários selecionados com Raphael Hauck nesta semana na {{empresa_nome}}. 🎉

Horários disponíveis:
- segunda-feira: 09:00, 09:20, 09:40, 10:00, 10:20, 10:40, 11:00, 11:20, 11:40

Garanta seu horário pelo link: {{link_promocao}}', 'active', '2026-05-08T13:30:15.323108+00:00', '2026-05-08T13:30:15.323108+00:00', 'cashback-em-dobro-de-segunda-20260511-0920-83b4-01-70n1', NULL, NULL, NULL, '83b47116-366a-43f6-9dc5-0667a7cad652', '["6f584d07-ca57-40d4-b699-3589d1accfb0", "e3fcb4d6-37ca-4d60-87ea-55f9d1b4be11", "39aca120-d826-440d-b7f1-c940e9564238", "16fb781c-bef1-4c74-b337-aedfc43aa5cb", "dc90f263-02f9-45bd-81e1-58ff35967e7c", "78421c04-e7c6-4eac-84f1-bfa6bd0107c4"]'::jsonb, 'percentage', 0, 'traditional', NULL, NULL, false, false, '[0, 1, 2, 3, 4, 5, 6]'::jsonb, 0, 'manual', 'week_gap', '2026-05-08T13:30:11.496+00:00', NULL, '{"incentive_config": {"type": "double_cashback", "multiplier": 2}}'::jsonb) ON CONFLICT DO NOTHING;
INSERT INTO public.promotions (id, company_id, title, description, start_date, end_date, start_time, end_time, max_slots, used_slots, client_filter, client_filter_value, professional_filter, professional_ids, message_template, status, created_at, updated_at, slug, service_id, promotion_price, original_price, created_by, service_ids, discount_type, discount_value, promotion_type, cashback_validity_days, cashback_rules_text, cashback_cumulative, use_business_hours, valid_days, min_interval_minutes, promotion_mode, source_insight, booking_opens_at, booking_closes_at, metadata) VALUES ('b6aa71a3-b95b-42ef-96df-753695a28088', 'ba00be4b-a872-4d08-880a-a5033b40ed3f', 'Cashback em Dobro de Segunda', 'Agende um horário selecionado e ganhe o dobro de cashback para sua próxima visita!', '2026-05-11', '2026-05-11', '10:40:00', '11:10:00', 1, 0, 'all', NULL, 'selected', '["83b47116-366a-43f6-9dc5-0667a7cad652"]'::jsonb, 'Olá {{cliente_primeiro_nome}}! 👋

Temos uma condição especial com CASHBACK EM DOBRO 💰 em horários selecionados com Raphael Hauck nesta semana na {{empresa_nome}}. 🎉

Horários disponíveis:
- segunda-feira: 09:00, 09:20, 09:40, 10:00, 10:20, 10:40, 11:00, 11:20, 11:40

Garanta seu horário pelo link: {{link_promocao}}', 'active', '2026-05-08T13:30:15.455299+00:00', '2026-05-08T13:30:15.455299+00:00', 'cashback-em-dobro-de-segunda-20260511-1040-83b4-05-p7lq', NULL, NULL, NULL, '83b47116-366a-43f6-9dc5-0667a7cad652', '["6f584d07-ca57-40d4-b699-3589d1accfb0", "e3fcb4d6-37ca-4d60-87ea-55f9d1b4be11", "39aca120-d826-440d-b7f1-c940e9564238", "16fb781c-bef1-4c74-b337-aedfc43aa5cb", "dc90f263-02f9-45bd-81e1-58ff35967e7c", "78421c04-e7c6-4eac-84f1-bfa6bd0107c4"]'::jsonb, 'percentage', 0, 'traditional', NULL, NULL, false, false, '[0, 1, 2, 3, 4, 5, 6]'::jsonb, 0, 'manual', 'week_gap', '2026-05-08T13:30:11.497+00:00', NULL, '{"incentive_config": {"type": "double_cashback", "multiplier": 2}}'::jsonb) ON CONFLICT DO NOTHING;
INSERT INTO public.promotions (id, company_id, title, description, start_date, end_date, start_time, end_time, max_slots, used_slots, client_filter, client_filter_value, professional_filter, professional_ids, message_template, status, created_at, updated_at, slug, service_id, promotion_price, original_price, created_by, service_ids, discount_type, discount_value, promotion_type, cashback_validity_days, cashback_rules_text, cashback_cumulative, use_business_hours, valid_days, min_interval_minutes, promotion_mode, source_insight, booking_opens_at, booking_closes_at, metadata) VALUES ('4fd1ed4e-dec0-4af2-afd4-529e982c82fc', 'ba00be4b-a872-4d08-880a-a5033b40ed3f', 'Cashback em Dobro de Segunda', 'Agende um horário selecionado e ganhe o dobro de cashback para sua próxima visita!', '2026-05-11', '2026-05-11', '11:40:00', '12:10:00', 1, 0, 'all', NULL, 'selected', '["83b47116-366a-43f6-9dc5-0667a7cad652"]'::jsonb, 'Olá {{cliente_primeiro_nome}}! 👋

Temos uma condição especial com CASHBACK EM DOBRO 💰 em horários selecionados com Raphael Hauck nesta semana na {{empresa_nome}}. 🎉

Horários disponíveis:
- segunda-feira: 09:00, 09:20, 09:40, 10:00, 10:20, 10:40, 11:00, 11:20, 11:40

Garanta seu horário pelo link: {{link_promocao}}', 'active', '2026-05-08T13:30:15.301991+00:00', '2026-05-08T13:30:15.301991+00:00', 'cashback-em-dobro-de-segunda-20260511-1140-83b4-08-righ', NULL, NULL, NULL, '83b47116-366a-43f6-9dc5-0667a7cad652', '["6f584d07-ca57-40d4-b699-3589d1accfb0", "e3fcb4d6-37ca-4d60-87ea-55f9d1b4be11", "39aca120-d826-440d-b7f1-c940e9564238", "16fb781c-bef1-4c74-b337-aedfc43aa5cb", "dc90f263-02f9-45bd-81e1-58ff35967e7c", "78421c04-e7c6-4eac-84f1-bfa6bd0107c4"]'::jsonb, 'percentage', 0, 'traditional', NULL, NULL, false, false, '[0, 1, 2, 3, 4, 5, 6]'::jsonb, 0, 'manual', 'week_gap', '2026-05-08T13:30:11.497+00:00', NULL, '{"incentive_config": {"type": "double_cashback", "multiplier": 2}}'::jsonb) ON CONFLICT DO NOTHING;
INSERT INTO public.promotions (id, company_id, title, description, start_date, end_date, start_time, end_time, max_slots, used_slots, client_filter, client_filter_value, professional_filter, professional_ids, message_template, status, created_at, updated_at, slug, service_id, promotion_price, original_price, created_by, service_ids, discount_type, discount_value, promotion_type, cashback_validity_days, cashback_rules_text, cashback_cumulative, use_business_hours, valid_days, min_interval_minutes, promotion_mode, source_insight, booking_opens_at, booking_closes_at, metadata) VALUES ('e487745d-3705-4928-aefa-58c4360f0f9c', 'ba00be4b-a872-4d08-880a-a5033b40ed3f', 'Cashback em Dobro de Segunda', 'Agende um horário selecionado e ganhe o dobro de cashback para sua próxima visita!', '2026-05-11', '2026-05-11', '10:00:00', '10:30:00', 1, 0, 'all', NULL, 'selected', '["83b47116-366a-43f6-9dc5-0667a7cad652"]'::jsonb, 'Olá {{cliente_primeiro_nome}}! 👋

Temos uma condição especial com CASHBACK EM DOBRO 💰 em horários selecionados com Raphael Hauck nesta semana na {{empresa_nome}}. 🎉

Horários disponíveis:
- segunda-feira: 09:00, 09:20, 09:40, 10:00, 10:20, 10:40, 11:00, 11:20, 11:40

Garanta seu horário pelo link: {{link_promocao}}', 'active', '2026-05-08T13:30:15.604688+00:00', '2026-05-08T13:30:15.604688+00:00', 'cashback-em-dobro-de-segunda-20260511-1000-83b4-03-3rsj', NULL, NULL, NULL, '83b47116-366a-43f6-9dc5-0667a7cad652', '["6f584d07-ca57-40d4-b699-3589d1accfb0", "e3fcb4d6-37ca-4d60-87ea-55f9d1b4be11", "39aca120-d826-440d-b7f1-c940e9564238", "16fb781c-bef1-4c74-b337-aedfc43aa5cb", "dc90f263-02f9-45bd-81e1-58ff35967e7c", "78421c04-e7c6-4eac-84f1-bfa6bd0107c4"]'::jsonb, 'percentage', 0, 'traditional', NULL, NULL, false, false, '[0, 1, 2, 3, 4, 5, 6]'::jsonb, 0, 'manual', 'week_gap', '2026-05-08T13:30:11.496+00:00', NULL, '{"incentive_config": {"type": "double_cashback", "multiplier": 2}}'::jsonb) ON CONFLICT DO NOTHING;
INSERT INTO public.promotions (id, company_id, title, description, start_date, end_date, start_time, end_time, max_slots, used_slots, client_filter, client_filter_value, professional_filter, professional_ids, message_template, status, created_at, updated_at, slug, service_id, promotion_price, original_price, created_by, service_ids, discount_type, discount_value, promotion_type, cashback_validity_days, cashback_rules_text, cashback_cumulative, use_business_hours, valid_days, min_interval_minutes, promotion_mode, source_insight, booking_opens_at, booking_closes_at, metadata) VALUES ('4d4f8c86-107c-46cb-9513-2b7f36213600', 'ba00be4b-a872-4d08-880a-a5033b40ed3f', 'Cashback em Dobro de Segunda', 'Agende um horário selecionado e ganhe o dobro de cashback para sua próxima visita!', '2026-05-11', '2026-05-11', '11:00:00', '11:30:00', 1, 0, 'all', NULL, 'selected', '["83b47116-366a-43f6-9dc5-0667a7cad652"]'::jsonb, 'Olá {{cliente_primeiro_nome}}! 👋

Temos uma condição especial com CASHBACK EM DOBRO 💰 em horários selecionados com Raphael Hauck nesta semana na {{empresa_nome}}. 🎉

Horários disponíveis:
- segunda-feira: 09:00, 09:20, 09:40, 10:00, 10:20, 10:40, 11:00, 11:20, 11:40

Garanta seu horário pelo link: {{link_promocao}}', 'active', '2026-05-08T13:30:15.469328+00:00', '2026-05-08T13:30:15.469328+00:00', 'cashback-em-dobro-de-segunda-20260511-1100-83b4-06-oit0', NULL, NULL, NULL, '83b47116-366a-43f6-9dc5-0667a7cad652', '["6f584d07-ca57-40d4-b699-3589d1accfb0", "e3fcb4d6-37ca-4d60-87ea-55f9d1b4be11", "39aca120-d826-440d-b7f1-c940e9564238", "16fb781c-bef1-4c74-b337-aedfc43aa5cb", "dc90f263-02f9-45bd-81e1-58ff35967e7c", "78421c04-e7c6-4eac-84f1-bfa6bd0107c4"]'::jsonb, 'percentage', 0, 'traditional', NULL, NULL, false, false, '[0, 1, 2, 3, 4, 5, 6]'::jsonb, 0, 'manual', 'week_gap', '2026-05-08T13:30:11.497+00:00', NULL, '{"incentive_config": {"type": "double_cashback", "multiplier": 2}}'::jsonb) ON CONFLICT DO NOTHING;
INSERT INTO public.promotions (id, company_id, title, description, start_date, end_date, start_time, end_time, max_slots, used_slots, client_filter, client_filter_value, professional_filter, professional_ids, message_template, status, created_at, updated_at, slug, service_id, promotion_price, original_price, created_by, service_ids, discount_type, discount_value, promotion_type, cashback_validity_days, cashback_rules_text, cashback_cumulative, use_business_hours, valid_days, min_interval_minutes, promotion_mode, source_insight, booking_opens_at, booking_closes_at, metadata) VALUES ('ac3b7483-9293-4736-a40d-32fd25d66143', 'ba00be4b-a872-4d08-880a-a5033b40ed3f', 'Cashback em Dobro de Segunda', 'Agende um horário selecionado e ganhe o dobro de cashback para sua próxima visita!', '2026-05-11', '2026-05-11', '09:40:00', '10:10:00', 1, 0, 'all', NULL, 'selected', '["83b47116-366a-43f6-9dc5-0667a7cad652"]'::jsonb, 'Olá {{cliente_primeiro_nome}}! 👋

Temos uma condição especial com CASHBACK EM DOBRO 💰 em horários selecionados com Raphael Hauck nesta semana na {{empresa_nome}}. 🎉

Horários disponíveis:
- segunda-feira: 09:00, 09:20, 09:40, 10:00, 10:20, 10:40, 11:00, 11:20, 11:40

Garanta seu horário pelo link: {{link_promocao}}', 'active', '2026-05-08T13:30:15.526221+00:00', '2026-05-08T13:30:15.526221+00:00', 'cashback-em-dobro-de-segunda-20260511-0940-83b4-02-r2q3', NULL, NULL, NULL, '83b47116-366a-43f6-9dc5-0667a7cad652', '["6f584d07-ca57-40d4-b699-3589d1accfb0", "e3fcb4d6-37ca-4d60-87ea-55f9d1b4be11", "39aca120-d826-440d-b7f1-c940e9564238", "16fb781c-bef1-4c74-b337-aedfc43aa5cb", "dc90f263-02f9-45bd-81e1-58ff35967e7c", "78421c04-e7c6-4eac-84f1-bfa6bd0107c4"]'::jsonb, 'percentage', 0, 'traditional', NULL, NULL, false, false, '[0, 1, 2, 3, 4, 5, 6]'::jsonb, 0, 'manual', 'week_gap', '2026-05-08T13:30:11.496+00:00', NULL, '{"incentive_config": {"type": "double_cashback", "multiplier": 2}}'::jsonb) ON CONFLICT DO NOTHING;
INSERT INTO public.promotions (id, company_id, title, description, start_date, end_date, start_time, end_time, max_slots, used_slots, client_filter, client_filter_value, professional_filter, professional_ids, message_template, status, created_at, updated_at, slug, service_id, promotion_price, original_price, created_by, service_ids, discount_type, discount_value, promotion_type, cashback_validity_days, cashback_rules_text, cashback_cumulative, use_business_hours, valid_days, min_interval_minutes, promotion_mode, source_insight, booking_opens_at, booking_closes_at, metadata) VALUES ('a7af4798-679a-4a41-911d-3dd40bc7e677', 'ba00be4b-a872-4d08-880a-a5033b40ed3f', 'Cashback em Dobro de Segunda', 'Agende um horário selecionado e ganhe o dobro de cashback para sua próxima visita!', '2026-05-11', '2026-05-11', '11:20:00', '11:50:00', 1, 0, 'all', NULL, 'selected', '["83b47116-366a-43f6-9dc5-0667a7cad652"]'::jsonb, 'Olá {{cliente_primeiro_nome}}! 👋

Temos uma condição especial com CASHBACK EM DOBRO 💰 em horários selecionados com Raphael Hauck nesta semana na {{empresa_nome}}. 🎉

Horários disponíveis:
- segunda-feira: 09:00, 09:20, 09:40, 10:00, 10:20, 10:40, 11:00, 11:20, 11:40

Garanta seu horário pelo link: {{link_promocao}}', 'active', '2026-05-08T13:30:15.644419+00:00', '2026-05-08T13:30:15.644419+00:00', 'cashback-em-dobro-de-segunda-20260511-1120-83b4-07-tbzz', NULL, NULL, NULL, '83b47116-366a-43f6-9dc5-0667a7cad652', '["6f584d07-ca57-40d4-b699-3589d1accfb0", "e3fcb4d6-37ca-4d60-87ea-55f9d1b4be11", "39aca120-d826-440d-b7f1-c940e9564238", "16fb781c-bef1-4c74-b337-aedfc43aa5cb", "dc90f263-02f9-45bd-81e1-58ff35967e7c", "78421c04-e7c6-4eac-84f1-bfa6bd0107c4"]'::jsonb, 'percentage', 0, 'traditional', NULL, NULL, false, false, '[0, 1, 2, 3, 4, 5, 6]'::jsonb, 0, 'manual', 'week_gap', '2026-05-08T13:30:11.497+00:00', NULL, '{"incentive_config": {"type": "double_cashback", "multiplier": 2}}'::jsonb) ON CONFLICT DO NOTHING;
INSERT INTO public.promotions (id, company_id, title, description, start_date, end_date, start_time, end_time, max_slots, used_slots, client_filter, client_filter_value, professional_filter, professional_ids, message_template, status, created_at, updated_at, slug, service_id, promotion_price, original_price, created_by, service_ids, discount_type, discount_value, promotion_type, cashback_validity_days, cashback_rules_text, cashback_cumulative, use_business_hours, valid_days, min_interval_minutes, promotion_mode, source_insight, booking_opens_at, booking_closes_at, metadata) VALUES ('fba191f8-5803-44ac-ad88-3032f75272bb', '746ad0ac-8aea-468c-8bda-a89b87bef60c', 'Preencher lacunas de hoje', 'Condicao especial para ocupar horarios disponiveis ainda hoje.', '2026-05-09', '2026-05-09', '20:59:00', '21:29:00', 1, 0, 'all', NULL, 'selected', '["4b63dd02-bb7a-4904-8cb5-d3efcd30bade"]'::jsonb, 'Ola {{cliente_primeiro_nome}}! 👋

Temos uma condicao especial com 15% de desconto em horarios selecionados com Cristiano Campos na {{empresa_nome}}.

Horarios disponiveis:
- sábado: 20:49, 20:59

Garanta seu horario pelo link: {{link_promocao}}', 'active', '2026-05-09T23:20:15.863604+00:00', '2026-05-09T23:20:15.863604+00:00', 'preencher-lacunas-de-hoje-20260509-2059-4b63-01-vg85', NULL, NULL, NULL, '4b63dd02-bb7a-4904-8cb5-d3efcd30bade', '["7462299d-6bd3-4bb0-a230-bba302f74c37", "48194408-e861-4961-8ab4-d0aaaea8f8f1", "7139d5da-0a78-454f-80fb-58b5ae929ef2", "6749be52-075f-4978-9bfe-8f0be86a9eec", "e6b629e3-3fc1-48f2-84d5-55f1e61bb040", "cbd159e0-4d8f-4cdc-b781-d7a50466ea1d", "6ebc91cb-d8a7-4b15-a70c-39a4a139043d", "ff30a5fb-2418-4d39-8d5a-64055f850be9", "cec94ff6-9a4f-4a8f-a12e-97ed7ff41037"]'::jsonb, 'percentage', 15, 'traditional', NULL, NULL, false, false, '[0, 1, 2, 3, 4, 5, 6]'::jsonb, 0, 'manual', 'week_gap', '2026-05-09T23:20:15.855+00:00', NULL, '{}'::jsonb) ON CONFLICT DO NOTHING;
INSERT INTO public.promotions (id, company_id, title, description, start_date, end_date, start_time, end_time, max_slots, used_slots, client_filter, client_filter_value, professional_filter, professional_ids, message_template, status, created_at, updated_at, slug, service_id, promotion_price, original_price, created_by, service_ids, discount_type, discount_value, promotion_type, cashback_validity_days, cashback_rules_text, cashback_cumulative, use_business_hours, valid_days, min_interval_minutes, promotion_mode, source_insight, booking_opens_at, booking_closes_at, metadata) VALUES ('08a3f6c5-81c0-478f-9117-a095546becf1', 'ba00be4b-a872-4d08-880a-a5033b40ed3f', 'Cashback em Dobro de Segunda', 'Agende um horário selecionado e ganhe o dobro de cashback para sua próxima visita!', '2026-05-11', '2026-05-11', '10:20:00', '10:50:00', 1, 0, 'all', NULL, 'selected', '["83b47116-366a-43f6-9dc5-0667a7cad652"]'::jsonb, 'Olá {{cliente_primeiro_nome}}! 👋

Temos uma condição especial com CASHBACK EM DOBRO 💰 em horários selecionados com Raphael Hauck nesta semana na {{empresa_nome}}. 🎉

Horários disponíveis:
- segunda-feira: 09:00, 09:20, 09:40, 10:00, 10:20, 10:40, 11:00, 11:20, 11:40

Garanta seu horário pelo link: {{link_promocao}}', 'active', '2026-05-08T13:30:15.469394+00:00', '2026-05-08T13:30:15.469394+00:00', 'cashback-em-dobro-de-segunda-20260511-1020-83b4-04-4iwo', NULL, NULL, NULL, '83b47116-366a-43f6-9dc5-0667a7cad652', '["6f584d07-ca57-40d4-b699-3589d1accfb0", "e3fcb4d6-37ca-4d60-87ea-55f9d1b4be11", "39aca120-d826-440d-b7f1-c940e9564238", "16fb781c-bef1-4c74-b337-aedfc43aa5cb", "dc90f263-02f9-45bd-81e1-58ff35967e7c", "78421c04-e7c6-4eac-84f1-bfa6bd0107c4"]'::jsonb, 'percentage', 0, 'traditional', NULL, NULL, false, false, '[0, 1, 2, 3, 4, 5, 6]'::jsonb, 0, 'manual', 'week_gap', '2026-05-08T13:30:11.496+00:00', NULL, '{"incentive_config": {"type": "double_cashback", "multiplier": 2}}'::jsonb) ON CONFLICT DO NOTHING;
INSERT INTO public.promotions (id, company_id, title, description, start_date, end_date, start_time, end_time, max_slots, used_slots, client_filter, client_filter_value, professional_filter, professional_ids, message_template, status, created_at, updated_at, slug, service_id, promotion_price, original_price, created_by, service_ids, discount_type, discount_value, promotion_type, cashback_validity_days, cashback_rules_text, cashback_cumulative, use_business_hours, valid_days, min_interval_minutes, promotion_mode, source_insight, booking_opens_at, booking_closes_at, metadata) VALUES ('a6337bde-6f14-438f-8c11-3358c1530a22', 'ba00be4b-a872-4d08-880a-a5033b40ed3f', 'Cashback em Dobro de Segunda', 'Agende um horário selecionado e ganhe o dobro de cashback para sua próxima visita!', '2026-05-11', '2026-05-11', '09:00:00', '09:30:00', 1, 0, 'all', NULL, 'selected', '["83b47116-366a-43f6-9dc5-0667a7cad652"]'::jsonb, 'Olá {{cliente_primeiro_nome}}! 👋

Temos uma condição especial com CASHBACK EM DOBRO 💰 em horários selecionados com Raphael Hauck nesta semana na {{empresa_nome}}. 🎉

Horários disponíveis:
- segunda-feira: 09:00, 09:20, 09:40, 10:00, 10:20, 10:40, 11:00, 11:20, 11:40

Garanta seu horário pelo link: {{link_promocao}}', 'active', '2026-05-08T13:30:15.501821+00:00', '2026-05-08T13:30:15.501821+00:00', 'cashback-em-dobro-de-segunda-20260511-0900-83b4-00-tyio', NULL, NULL, NULL, '83b47116-366a-43f6-9dc5-0667a7cad652', '["6f584d07-ca57-40d4-b699-3589d1accfb0", "e3fcb4d6-37ca-4d60-87ea-55f9d1b4be11", "39aca120-d826-440d-b7f1-c940e9564238", "16fb781c-bef1-4c74-b337-aedfc43aa5cb", "dc90f263-02f9-45bd-81e1-58ff35967e7c", "78421c04-e7c6-4eac-84f1-bfa6bd0107c4"]'::jsonb, 'percentage', 0, 'traditional', NULL, NULL, false, false, '[0, 1, 2, 3, 4, 5, 6]'::jsonb, 0, 'manual', 'week_gap', '2026-05-08T13:30:11.496+00:00', NULL, '{"incentive_config": {"type": "double_cashback", "multiplier": 2}}'::jsonb) ON CONFLICT DO NOTHING;
INSERT INTO public.promotions (id, company_id, title, description, start_date, end_date, start_time, end_time, max_slots, used_slots, client_filter, client_filter_value, professional_filter, professional_ids, message_template, status, created_at, updated_at, slug, service_id, promotion_price, original_price, created_by, service_ids, discount_type, discount_value, promotion_type, cashback_validity_days, cashback_rules_text, cashback_cumulative, use_business_hours, valid_days, min_interval_minutes, promotion_mode, source_insight, booking_opens_at, booking_closes_at, metadata) VALUES ('1de85fb7-a829-4f18-9f98-62c7f85d7790', 'ba00be4b-a872-4d08-880a-a5033b40ed3f', 'Cashback em Dobro nesta Semana', 'Agende um horário selecionado e ganhe o dobro de cashback para sua próxima visita!', '2026-05-08', '2026-05-08', '15:26:00', '15:56:00', 1, 0, 'all', NULL, 'selected', '["cc45eafd-df45-4775-9b67-b06cbfab6e27"]'::jsonb, 'Olá {{cliente_primeiro_nome}}! 👋

Temos uma condição especial com CASHBACK EM DOBRO 💰 em horários selecionados com Carlos Andrade nesta semana na {{empresa_nome}}. 🎉

Horários disponíveis:
- sexta-feira: 15:26

Garanta seu horário pelo link: {{link_promocao}}', 'active', '2026-05-08T17:47:25.823539+00:00', '2026-05-08T17:47:25.823539+00:00', 'cashback-em-dobro-nesta-semana-20260508-1526-cc45-00-cvs9', NULL, NULL, NULL, '83b47116-366a-43f6-9dc5-0667a7cad652', '["6f584d07-ca57-40d4-b699-3589d1accfb0", "e3fcb4d6-37ca-4d60-87ea-55f9d1b4be11", "39aca120-d826-440d-b7f1-c940e9564238", "16fb781c-bef1-4c74-b337-aedfc43aa5cb", "dc90f263-02f9-45bd-81e1-58ff35967e7c", "78421c04-e7c6-4eac-84f1-bfa6bd0107c4"]'::jsonb, 'percentage', 0, 'traditional', NULL, NULL, false, false, '[0, 1, 2, 3, 4, 5, 6]'::jsonb, 0, 'manual', 'week_gap', '2026-05-08T17:47:24.79+00:00', NULL, '{"incentive_config": {"type": "double_cashback", "multiplier": 2}}'::jsonb) ON CONFLICT DO NOTHING;
INSERT INTO public.promotions (id, company_id, title, description, start_date, end_date, start_time, end_time, max_slots, used_slots, client_filter, client_filter_value, professional_filter, professional_ids, message_template, status, created_at, updated_at, slug, service_id, promotion_price, original_price, created_by, service_ids, discount_type, discount_value, promotion_type, cashback_validity_days, cashback_rules_text, cashback_cumulative, use_business_hours, valid_days, min_interval_minutes, promotion_mode, source_insight, booking_opens_at, booking_closes_at, metadata) VALUES ('c17a5b0f-252f-4b2f-b9ce-829aba69a44e', '746ad0ac-8aea-468c-8bda-a89b87bef60c', 'Preencher lacunas de hoje', 'Condicao especial para ocupar horarios disponiveis ainda hoje.', '2026-05-09', '2026-05-09', '20:49:00', '21:19:00', 1, 2, 'all', NULL, 'selected', '["4b63dd02-bb7a-4904-8cb5-d3efcd30bade"]'::jsonb, 'Ola {{cliente_primeiro_nome}}! 👋

Temos uma condicao especial com 15% de desconto em horarios selecionados com Cristiano Campos na {{empresa_nome}}.

Horarios disponiveis:
- sábado: 20:49, 20:59

Garanta seu horario pelo link: {{link_promocao}}', 'active', '2026-05-09T23:20:15.86397+00:00', '2026-05-09T23:21:37.636552+00:00', 'preencher-lacunas-de-hoje-20260509-2049-4b63-00-cpmd', NULL, NULL, NULL, '4b63dd02-bb7a-4904-8cb5-d3efcd30bade', '["7462299d-6bd3-4bb0-a230-bba302f74c37", "48194408-e861-4961-8ab4-d0aaaea8f8f1", "7139d5da-0a78-454f-80fb-58b5ae929ef2", "6749be52-075f-4978-9bfe-8f0be86a9eec", "e6b629e3-3fc1-48f2-84d5-55f1e61bb040", "cbd159e0-4d8f-4cdc-b781-d7a50466ea1d", "6ebc91cb-d8a7-4b15-a70c-39a4a139043d", "ff30a5fb-2418-4d39-8d5a-64055f850be9", "cec94ff6-9a4f-4a8f-a12e-97ed7ff41037"]'::jsonb, 'percentage', 15, 'traditional', NULL, NULL, false, false, '[0, 1, 2, 3, 4, 5, 6]'::jsonb, 0, 'manual', 'week_gap', '2026-05-09T23:20:15.854+00:00', NULL, '{}'::jsonb) ON CONFLICT DO NOTHING;

-- Dumping 7 rows for promotion_bookings
INSERT INTO public.promotion_bookings (id, promotion_id, appointment_id, client_id, company_id, created_at) VALUES ('b37cc415-a321-45ee-ab6f-e808ac5ab3fe', '7ead7ac0-e640-40c3-bc43-72c89846664e', '2fb9309d-07bc-4220-8edd-014576e25cb2', 'a84ce3fd-c4c9-44b6-9622-b354d45edf68', 'ba00be4b-a872-4d08-880a-a5033b40ed3f', '2026-05-08T19:34:31.931308+00:00') ON CONFLICT DO NOTHING;
INSERT INTO public.promotion_bookings (id, promotion_id, appointment_id, client_id, company_id, created_at) VALUES ('9f92685b-c457-4f46-a8bd-86cb552ca4c0', '3db9a5c7-177b-4af8-957c-271d0d2ebe5e', '159a1cb6-22f5-4b07-81a3-c94423eee069', '822a6696-ccb0-44c2-b351-3b353528750c', '746ad0ac-8aea-468c-8bda-a89b87bef60c', '2026-05-08T20:24:07.204347+00:00') ON CONFLICT DO NOTHING;
INSERT INTO public.promotion_bookings (id, promotion_id, appointment_id, client_id, company_id, created_at) VALUES ('af8fe8fc-353a-414c-9517-68bcac71664c', '3db9a5c7-177b-4af8-957c-271d0d2ebe5e', '4b47bfc4-1df4-4acd-afe0-766019975a79', '822a6696-ccb0-44c2-b351-3b353528750c', '746ad0ac-8aea-468c-8bda-a89b87bef60c', '2026-05-08T20:33:57.14019+00:00') ON CONFLICT DO NOTHING;
INSERT INTO public.promotion_bookings (id, promotion_id, appointment_id, client_id, company_id, created_at) VALUES ('bb191f93-fea0-4909-9018-59080b50044e', '3db9a5c7-177b-4af8-957c-271d0d2ebe5e', 'b90ae427-f9a7-4c92-b046-e09853e6fc76', '822a6696-ccb0-44c2-b351-3b353528750c', '746ad0ac-8aea-468c-8bda-a89b87bef60c', '2026-05-08T20:35:44.63436+00:00') ON CONFLICT DO NOTHING;
INSERT INTO public.promotion_bookings (id, promotion_id, appointment_id, client_id, company_id, created_at) VALUES ('5efd37f6-2791-4bc0-9eab-a01eac3e1a96', 'c17a5b0f-252f-4b2f-b9ce-829aba69a44e', '692252f4-42ff-4238-a26f-4aa64896d4f0', '822a6696-ccb0-44c2-b351-3b353528750c', '746ad0ac-8aea-468c-8bda-a89b87bef60c', '2026-05-09T23:21:37.636552+00:00') ON CONFLICT DO NOTHING;
INSERT INTO public.promotion_bookings (id, promotion_id, appointment_id, client_id, company_id, created_at) VALUES ('86e2d401-5d80-4a47-aa4c-a9c9aad8b8ce', '3db9a5c7-177b-4af8-957c-271d0d2ebe5e', '9cfc4a64-6f2c-4fc8-ad41-0ec4800b3d70', '822a6696-ccb0-44c2-b351-3b353528750c', '746ad0ac-8aea-468c-8bda-a89b87bef60c', '2026-05-09T23:22:53.819521+00:00') ON CONFLICT DO NOTHING;
INSERT INTO public.promotion_bookings (id, promotion_id, appointment_id, client_id, company_id, created_at) VALUES ('8e1a0714-8f28-49d4-8b0c-246cb6d12594', 'fe2f2048-4cef-4f08-bda4-30a34800538a', 'f77d94c1-8c44-48ec-8601-fce87e25a2aa', '822a6696-ccb0-44c2-b351-3b353528750c', '746ad0ac-8aea-468c-8bda-a89b87bef60c', '2026-05-11T18:06:35.711147+00:00') ON CONFLICT DO NOTHING;

-- No data for promotion_campaigns

-- Users List for reference (cannot easily INSERT into auth.users directly)

COMMIT;
